Council Member,Questionnaire Submission,Email Address submitted on Questionnaire,FY24 SC CODE,Older Adult Center / Program Name,Program Address,Borough,Zip Code,New Council District,City Council District ,Community District,Contact Person,Phone,Email Address sent by DFTA (Red Highlights flags error with original email),DFTA ID ,SITE TYPE,Program Type,email,director,JR,City Council District .1,Council Member.1,lat,lon
Abreu,YES,abswsenio@cs.com,FY24 SC 057,ABSW OAC,221 West 107th Street,Manhattan,10025,7,7,Manhattan CD7,Billy Williams,212-749-8400,abswsenio@cs.com,C0601,Main Site,OAC,abswsenio@cs.com,Billy Williams,,7,Abreu,40.80170357,-73.96659296
Abreu,YES,gpatrone@wsfssh.org,FY24 SC 058,Center at the Red Oak,135 West 106th Street,Manhattan,10025,7,7,Manhattan CD7,Gloria Patrone,212-749-7015,gpatrone@wsfssh.org,C9101,Main Site,OAC,gpatrone@wsfssh.org,Gloria Patrone,,7,Abreu,40.79991886,-73.96445924
Abreu,YES,davellanet@wsfssh.org,FY24 SC 074,Frederick Douglass Social Club ,868 Amsterdam Avenue,Manhattan,10025,7,7,Manhattan CD7,Diana Nieves-Avellanet,646-214-2560,davellanet@wsfssh.org,C9102,Affiliated,OAC,davellanet@wsfssh.org,Diana Nieves Avellanet,,7,Abreu,40.79816859,-73.96737127
Abreu,YES,rallen@hamiltongrange.org,FY24 SC 059,Hamilton Grange NSC,420 West 145th Street,Manhattan,10032,9,7,Manhattan CD9  ,Requithelia Allen,212-862-4181,rallen@hamiltongrange.org,C2401,Main Site,OAC,rallen@hamiltongrange.org,Requithelia Allen,,7,Abreu,40.82443566,-73.9457334
Abreu,NO,,FY24 SC 060,ISABELLA GERIATRIC RIVER TERRACE NORC,156-20 RIVERSIDE DR.,Manhattan,10032,7,7,112,Carol Ban,646-230-8530,cban@mjhs.org,N3F,Discretionary,NORC,,,,7,Abreu,40.83552294,-73.94876357
Abreu,NO,,FY24 SC 061,Jackie Robinson,1301 Amsterdam Avenue,Manhattan,10027,7,7,Manhattan CD9,Jauquette Greene,212-666-4910,jgreenejroac@gmail.com,C9901,Main Site,OAC,,,,7,Abreu,40.81199321,-73.95726388
Abreu,YES,BETHUNE4SENIORS@GMAIL.COM,FY24 SC 062,M M Bethune ,1970 Amsterdam Avenue,Manhattan,10032,10,7,Manhattan CD12,Nancy Leroux,646 918-7710,bethune4seniors@gmail.com,C2603,Main Site,OAC,BETHUNE4SENIORS@GMAIL.COM,NANCY C LEROUX,,7,Abreu,40.83327993,-73.9417403
Abreu,YES,ronb@mrhsny.org,FY24 SC 064,MORNINGSIDE MRHS NORC,100 LASALLE STREET,Manhattan,10027,7,7,109,Ron Bruno,212-666-4000,ronb@mrhsny.org,N57,DFTA-Funded,NORC,ronb@mrhsny.org,Ronald Bruno,,7,Abreu,40.81351169,-73.95905837
Abreu,YES,tashley@pssusa.org,FY24 SC 065,PSS Manhattanville ,530 West 133rd Street,Manhattan,10027,7,7,Manhattan CD9,Tina Ashley,212-862-5562,tashley@pssusa.org,W1905,Main Site,OAC,tashley@pssusa.org,Tina Ashley,,7,Abreu,40.81812659,-73.95447804
Abreu,YES,aborbon@riverstonenyc.org,FY24 SC 066,Riverstone Senior Life Services OAC,99 Fort Washington Avenue,Manhattan,10032,10,7,Manhattan CD12,Aleyda Borbon,212-927-5600,aborbon@riverstonenyc.org,C6201,Main Site,OAC,aborbon@riverstonenyc.org,Aleyda Borbon,,7,Abreu,40.83850959,-73.94373786
Adams,YES,Dcarter@allencnp.org,FY24 SC 219,Allen AME Rockaway Blvd Senior Center,123-10 143rd Street,Queens,11436,28,28,Queens CD12,Danielle Carter,718-657-6752,dcarter@allencnp.org,C0205,Main Site,OAC,Dcarter@allencnp.org,Danielle Carter,,28,Adams,40.67452192,-73.79572549
Adams,YES,Brooksseniorcenter@yahoo.com,FY24 SC 220,Brooks Senior Center,143-22 109th Avenue,Queens,11435,28,28,Queens CD12,Stella Langaigne,718-291-3935,stellal@brooksseniorcenter.org,C1401,Main Site,OAC,Brooksseniorcenter@yahoo.com,Stella Langaigne ,,28,Adams,40.68856412,-73.80355403
Adams,YES,sabrina.marson@ccbq.org,FY24 SC 335,CCNS Ozone Park OAC,103-02 101 Avenue,Queens,11416,29,28,Queens CD9,Sabrina Marson,718-847-2100,sabrina.marson@ccbq.org,C1705,Main Site,OAC,sabrina.marson@ccbq.org,Sabrina Marson,,28,Adams,40.68602644,-73.83977719
Adams,YES,pcarolei@rvsocialservices.org,FY24 SC 222,ROCHDALE VILLAGE NORC,169-65 137TH AVENUE,Queens ,11434,28,28,412,Phara Carolei,718-286-1541,pcarolei@rvsocialservices.org,N60,DFTA-Funded,NORC,pcarolei@rvsocialservices.org,Phara Carolei,,28,Adams,40.67262192,-73.77064063
Adams,YES,sshivers@rvsocialservices.org,FY24 SC 223,Rochdale Village SC,169-65 137th Avenue,Queens,11434,28,28,Queens CD12,Sheree Shivers,718-525-2800,sshivers@rvsocialservices.org,C6301,Main Site,OAC,sshivers@rvsocialservices.org,Sheree Shivers,,28,Adams,40.67262192,-73.77064063
Ariola,YES,Dhoffer@ccbq.org,FY24 SC 217,CCNS Howard Beach OAC,155-55 CrossBay Boulevard,Queens,11414,32,32,Queens CD10  ,Debra Hoffer,718-738-8100,dhoffer@ccbq.org,C1704,Main Site,OAC,Dhoffer@ccbq.org,"Acting manager, Debra Hoffer",,32,Ariola,40.66437204,-73.84115207
Ariola,YES,Jurate.Jones@ccbq.org,FY24 SC 243,CCNS Seaside OAC,320 Beach 94th Street,Queens,11693,32,32,Queens CD14,Jurate Jones,347-926-4119,jurate.jones@ccbq.org,C1709,Main Site,OAC,Jurate.Jones@ccbq.org,Jurate Jones,,32,Ariola,40.58768274,-73.81731266
Ariola,YES,Annie.Liu@ccbq.org,FY24 SC 249,CCNS Woodhaven-Richmond Hill OAC,89-02 91St Street ,Queens,11421,32,32,Queens CD9,Annie Liu,718-847-9200,Annie.Liu@ccbq.org,C1716,Main Site,OAC,Annie.Liu@ccbq.org,"Annie Liu, Director of Operations for OAS",,32,Ariola,40.69045488,-73.85294627
Ariola,YES,rjoyce@jasa.org,FY24 SC 244,JASA Rockaway Park,106-20 Shore Front Parkway,Queens,11694,32,32,queens CD14,Revere Joyce ,718-634-3044,rjoyce@jasa.org,W2206,Main Site,OAC,rjoyce@jasa.org,Revere Joyce,,32,Ariola,40.58072274,-73.82671335
Aviles,YES,katy@bca.net,FY24 SC 281,BCA 6th Avenue Older Adult Center,545 60th Street,Brooklyn,11200,38,38,Brooklyn CD7   ,KATY CHAU,718-567-9311,katy@bca.net,C1203,Main Site,OAC,katy@bca.net,Katy Chau,,38,Aviles,40.63886915,-74.01513683
Aviles,YES,tmcbride@ccbq.org,FY24 SC 241,CCNS Narrows OAC,930 53rd Street,Brooklyn,11219,43,38,Brooklyn CD12 ,Tselita McBride,718-232-2311,tmcbride@ccbq.org,C1714,Main Site,OAC,tmcbride@ccbq.org,Tselita McBride,,38,Aviles,40.63744284,-74.00217265
Aviles,YES,smei@cpc-nyc.org,FY24 SC 284,CPC Brooklyn Senior Center,4101 8th Avenue,Brooklyn,11232,38,38,Brooklyn CD7   ,Steve Mei,917-922-8382,smei@cpc-nyc.org,C2101,Main Site,OAC,smei@cpc-nyc.org,Steve Mei,,38,Aviles,40.64606971,-73.99854417
Aviles,YES,msanchez@raices.us,FY24 SC 252,Red Hook NSC,120 West 9th Street,Brooklyn,11231,38,38,Brooklyn CD6   ,Maria Sanchez,718-269-0519,msanchez@raices.us,C7201,Main Site,OAC,msanchez@raices.us,Maria Sanchez,,38,Aviles,40.67592467,-74.0019612
Aviles,YES,Derin.Martinez@nyulangone.org,FY24 SC 285,Sunset Park OAC,4520 4th Avenue,Brooklyn,11220,38,38,Brooklyn CD7   ,Derin Martinez,718-210-1050,Derin.Martinez@nyulangone.org,C8002,Main Site,OAC,Derin.Martinez@nyulangone.org,Derin Martinez ,,38,Aviles,40.64911052,-74.00984531
Aviles,YES,griselamador@hotmail.com,FY24 SC 287,United Neighborhood Senior Citizens Ctr,475 53rd Street,Brooklyn,11220,38,38,Brooklyn CD7   ,Grisel Amador,718-439-8647/ 8646,griselamador@hotmail.com,C8601,Main Site,OAC,griselamador@hotmail.com,Grisel Amador - Executive Director ,,38,Aviles,40.64385946,-74.01276691
Ayala,YES,KREYES@IPRHE.ORG,FY24 SC 067,Betances ,607 Concord Avenue,Bronx,10455,8,8,Bronx CD1,Karen Reyes,718-292-4922,karen.reyes@iprhe.org,W1601,Main Site,OAC,KREYES@IPRHE.ORG,KAREN REYES,,8,Ayala,40.81454416,-73.9076279
Ayala,NO,,FY24 SC 141,Bronxworks E Roberts Moore,515 Jackson Avenue,Bronx,10455,8,8,Bronx CD1,Wanda Abeyllez,718 665-5559,wabeyllez@bronxworks.org,C1102,Main Site,OAC,,,,8,Ayala,40.81235254,-73.90940109
Ayala,NO,,FY24 SC 070,Carver ,55 East 102 Street,Manhattan,10029,8,8,Manhattan CD11,James Correa,212-860-9708,aliranzo@iprhe.org,W1603,Main Site,OAC,,,,8,Ayala,40.79083979,-73.95085282
Ayala,YES,wmartinez@boriken.org,FY24 SC 071,Casabe Senior Houses aka East Harlem NSC,150 East 121st Street,Manhattan,10035,8,8,Manhattan CD11,Wendy Martinez,212-722-2205,Wmartinez@boriken.org,C3001,Main Site,OAC,wmartinez@boriken.org,Wendy  Martinez,,8,Ayala,40.80170327,-73.9390373
Ayala,YES,carrascom@carterburdennetwork.org ,FY24 SC 044,CBN Leonard Covello (ISC) Senior Program,312 East 109th Street,Manhattan,10029,8,8,Manhattan CD11,Mara Carrasco,212-423-9665,carrascom@carterburdennetwork.org; moralesb@carterburdennetwork.org ,C1603,Main Site,OAC,carrascom@carterburdennetwork.org ,Mara Carrasco,,8,Ayala,40.79230607,-73.94047965
Ayala,YES,RJimenez@unionsettlement.org,FY24 SC 072,Corsi OAC,307 E 116th Street,Manhattan,10029,8,8,Manhattan CD11,Roossvert Jimenez,212-828-6756,Rjimenez@unionsettlement.org,W2405,Main Site,OAC,RJimenez@unionsettlement.org,Roossvert Jimenez ,,8,Ayala,40.7969349,-73.93758976
Ayala,YES,Egarcia1@eastsidehouse.org,FY24 SC 073,East Side House Borinquen Court Mitchel OAC,295 East 138th Street,Bronx,10454,8,8,Bronx CD1,Miquel Orta,718-665-2168,morta@eastsidehouse.org,C3101,Main Site,OAC,Egarcia1@eastsidehouse.org,Emily Garcia ,,8,Ayala,40.81046231,-73.92602811
Ayala,YES,SWhite@unionsettlement.org,FY24 SC 075,Gaylord White OAC,2029 2nd Avenue,Manhattan,10029,8,8,Manhattan CD11,Sherice White,212-828-6055,shwhite@unionsettlement.org,W2401,Main Site,OAC,SWhite@unionsettlement.org,Sherice White ,,8,Ayala,40.78947218,-73.94328816
Ayala,YES,vlopez@jasa.org,FY24 SC 076,JASA 1199 PLAZA NORC,2106 FIRST AVENUE,Manhattan,10029,8,8,111,Nicole Thomas ,212-289-3836,nthomas@jasa.org; vlopez@jasa.org,3N4,Discretionary,NORC,vlopez@jasa.org,Victoria Lopez,FY24 SC 076,8,Ayala,40.79130338,-73.93882291
Ayala,NO,,FY24 SC 077,Jefferson OAC,2205 1st Avenue,Manhattan,10029,8,8,Manhattan CD11,Sasha Tapia,212-828-6104,stapia@unionsettlement.org,W2403,Main Site,OAC,,,,8,Ayala,40.79431866,-73.93664959
Ayala,NO,,FY24 SC 078,Lehman Village Senior Program (Social Club),1641 Madison Avenue,Manhattan,10029,8,8,Manhattan CD11,Cecilia Cordova,646.370.5642 ,Cordovac@carterburdennetwork.org ,C1604,Affiliated,OAC,,,,8,Ayala,40.79583937,-73.94786592
Ayala,YES,akramer@wsfssh.org,FY24 SC 063,Mill Brook OAC,570 East 137th Street,Bronx,10454,8,8,Bronx CD1,Amelia Kramer,646-214-2450 Ext. 2457,akramer@wsfssh.org,C9103,Main Site,OAC,akramer@wsfssh.org,Amelia J. Kramer,,8,Ayala,40.80599372,-73.91767084
Ayala,YES,Agomez@eastsidehouse.org,FY24 SC 079,Patterson Older Adult Centers,308 East 145th Street ,Bronx,10451,8,8,Bronx CD1,Maribel Rodriguez,718-993-5146,agomez@eastsidehouse.org,C3103,Affiliated,OAC,Agomez@eastsidehouse.org,Alicia Gomez ,,8,Ayala,40.81519717,-73.92217894
Ayala,NO,,FY24 SC 080,UNION SETTLEMENT FRANKLIN PLAZA NORC,2090 SECOND AVENUE,Manhattan,10029,8,8,111,Melanie Kane,646-676-1801,mkane@unionsettlement.org,N70,DFTA-Funded,NORC,,,,8,Ayala,40.79158485,-73.94172623
Ayala,NO,,FY24 SC 081,Wagner Satellite,435 East 120th Street ,Manhattan,10035,8,8,Manhattan CD11,Lamont Wilson,212-987-2980,lwilson@unionsettlement.org,W2404,Affiliated,OAC,,,,8,Ayala,40.79804072,-73.93218552
Ayala,YES,ASoto@unionsettlement.org,FY24 SC 082,Washington Lexington Satellite,1775 3rd Avenue,Manhattan,10029,8,8,Manhattan CD11,Annette Soto,212-828-6115,asoto@unionsettlement.org,W2402,Affiliated,OAC,ASoto@unionsettlement.org,Annette Soto ,,8,Ayala,40.78657336,-73.9483029
Barron,YES,plynch@milldev.org,FY24 SC 246,Bergen Basin Abe Stark Older Adult Center,103-15 Farragut Road,Brooklyn,11236,42,42,Brooklyn CD18   ,Patricia Lynch,718-272-9515,plynch@milldev.org,C0801,Main Site,OAC,plynch@milldev.org,Patricia Lynch,,42,Barron,40.64966796,-73.8992901
Barron,YES,tking@milldev.org,FY24 SC 309,Bergen Basin Penn Wortman Older Adult Center,895 Pennsylvania Avenue,Brooklyn,11207,42,42,Brooklyn CD5,Tashia King,347-318-3770,tking@milldev.org>,C0806,Main Site,OAC,tking@milldev.org,Tashia King,,42,Barron,40.65596566,-73.88865218
Barron,YES,sdundas@milldev.org,FY24 SC 310,Bergen Basin Vandalia Older Adult Center,47 Vandalia Avenue,Brooklyn,11239,42,42,Brooklyn CD5,Simone Dundas,718-272-3949,sdundas@milldev.org,C0807,Main Site,OAC,sdundas@milldev.org,Simone Dundas,,42,Barron,40.64979903,-73.8867597
Barron,NO,,FY24 SC 346,CCNS Riverway OAC (ISC),230 Riverdale Avenue,Brooklyn,11212,41,42,Brooklyn CD16  ,Leticia Knowles,718-942-5345 ,leticia.knowles@ccbq.org,C1708,Main Site,OAC,,,,42,Barron,40.66108259,-73.90802423
Barron,YES,awilliamsonchasc@gmail.com,FY24 SC 313,Cypress Hills Adult Social Club,475 Fountain Avenue,Brooklyn,11208,42,42,Brooklyn CD5,Alener Williamson,347-529-7333,awilliamsonchasc@gmail.com,C2802,Affiliated,OAC,awilliamsonchasc@gmail.com,Alener Williamson,,42,Barron,40.66828725,-73.87300506
Barron,YES,dforde@jasa.org,FY24 SC 125,JASA Starrett City Older Adult Center,1540 Van Siclen Avenue,Brooklyn,11239,42,42,Brooklyn CD5,Donna Forde      ,718 642-1010,dforde@jasa.org,C8308,Main Site,OAC,dforde@jasa.org,Donna Forde,,42,Barron,40.64821415,-73.8776127
Barron,NO,,FY24 SC 315,SPRING CREEK NORC,160 SCHROEDERS AVENUE,Brooklyn,11239,42,42,305,Jahiah Wilson,718-348-7620,JWilson@springcreektowers.com,N63,DFTA-Funded,NORC,,,,42,Barron,40.64873503,-73.87961179
Barron,YES,cokoro@fortgreenecouncil.org,FY24 SC 274,Teresa Moore OAC,2702 Linden Boulevard,Brooklyn,11208,42,42,Brooklyn CD5,Chike Okoro,347-663-7770,cokoro@fortgreenecouncil.org,C3513,Main Site,OAC,cokoro@fortgreenecouncil.org,Chike Okoro,,42,Barron,40.66920804,-73.86451402
Barron,YES,bcolon@wordnyc.org,FY24 SC 316,Wayside Out Rosetta Gaston Senior Center,460 Dumont Avenue,Brooklyn,11212,42,42,Brooklyn CD16  ,Bethzaida Colon,718-345-5665,bcolon@wordnyc.org,C9001,Main Site,OAC,bcolon@wordnyc.org,Bethzaida Colon,,42,Barron,40.66514008,-73.90222249
Borelli,YES,sschechter@sijcc.com,FY24 SC 373,Avis South Shore OAC,1297 Arthur Kill Road,Staten Island,10312,51,51,Staten Island CD3,Stefanie Schechter,718-475-5283,sschechter@sijcc.com,W1702,Main Site,OAC,sschechter@sijcc.com,"Stefanie Schechter, MSW",,51,Borelli,40.56533825,-74.18377437
Borelli,YES,greatkillsfc@aol.com,FY24 SC 371,Great Kills OAC,11 Sampson Avenue,Staten Island,10308,51,51,Staten Island CD3,Debbie Sica,718-356-5050,greatkillsfc@aol.com,C7701,Main Site,OAC,greatkillsfc@aol.com,Debbie Sica,,51,Borelli,40.55261872,-74.1498055
Borelli,YES,mountlorettosc@gmail.com,FY24 SC 367,Mount Loretto OAC,6581 Hylan Boulevard,Staten Island,10309,51,51,Staten Island CD3,"Amy Ciccone, Director",718-984-8589,mountlorettosc@gmail.com,C7703,Main Site,OAC,mountlorettosc@gmail.com,Amy Ciccone,,51,Borelli,40.50908356,-74.22092994
Bottcher,YES,slee@encorenyc.org,FY24 SC 031,Encore Aging Through Arts Center,239 West 49th Sreet,Manhattan,10019,3,3,Brooklyn CD10,Stacey Lee ,212-581-2910 ext. 1107,slee@encorenyc.org; SChristian@encorenyc.org,W1401,Main Site,OAC,slee@encorenyc.org,Stacey Lee,,3,Bottcher,40.76114304,-73.98531188
Bottcher,NO,,FY24 SC 032,FIND Aid Coffeehouse Center,331 West 42nd Street,Manhattan,10036,3,3,Manhattan CD4,Aaron De Broux,646-545-4621 ext. 212,adebroux@projectfind.org,C3302,Main Site,OAC,,,,3,Bottcher,40.757677,-73.99082085
Bottcher,YES,ascott@hudsonguild.org ,FY24 SC 033,Hudson Guild ,119 9th Avenue,Manhattan,10011,3,3,Manhattan CD4,Armisha Scott,212-760-9800 ext. 4023,ascott@hudsonguild.org,C8201,Main Site,OAC,ascott@hudsonguild.org ,Armisha Scott ,,3,Bottcher,40.74317131,-74.00376036
Bottcher,NO,,FY24 SC 034,HUDSON GUILD ELLIOTT-CHELSEA NORC,441 W. 26TH STREET,Manhattan,10001,3,3,104,Yesenia Zuniga,212-760-9800,yzuniga@hudsonguild.org; nstewart@hudsonguild.org,N67,DFTA-Funded- NYCHA,NORC,,,,3,Bottcher,40.74919608,-74.00181538
Bottcher,NO,,FY24 SC 035,JCW Workforce Center,27 Barrow Street,Manhattan,10014,3,3,Manhattan CD2,Nancy Spannbauer,212-242-4140,acilione@greenwichhouse.org,W1504,Main Site,OAC,,,,3,Bottcher,40.73248601,-74.00311028
Bottcher,NO,aacevedo@encorenyc.org,FY24 SC 036,Lifelong Learning Center @ Encore West,755 10th Avenue,Manhattan,10019,3,3,Manhattan CD4,Anita Acevedo,212-991-3727 ext. 1141,aacevedo@encorenyc.org,W1402,Main Site,OAC,aacevedo@encorenyc.org,Anita Acevedo,,3,Bottcher,40.76546112,-73.99123493
Bottcher,YES,mspringer@greenwichhouse.org,FY24 SC 037,Our Lady of Pompeii,25 Carmine Street,Manhattan,10014,3,3,Manhattan CD2,Mary Springer,212-989-3620,nbrown@greenwichhouse.org,W1502,Main Site,OAC,mspringer@greenwichhouse.org,Mary Springer,,3,Bottcher,40.73017768,-74.00295502
Bottcher,NO,,FY24 SC 038,PENN SOUTH NORC,290 9TH AVENUE,Manhattan,10001,3,3,104,Marie Orraca,212-243-3670,morraca@jasa.org,N58,DFTA-Funded,NORC,,,,3,Bottcher,40.74892437,-73.99954525
Bottcher,NO,,FY24 SC 039,SAGE Edie Windsor Center,305 7th Avenue,Manhattan,10001,3,3,Manhattan CD5,Deidre Best,646-576-8669,dbest@sageusa.org,C6904,Main Site,OAC,,,,3,Bottcher,40.74681623,-73.9936554
Bottcher,YES,dcruz@visionsvcb.org,FY24 SC 040,Visions Center on Aging OAC ,135 West 23rd Street,Manhattan,10011,3,3,Manhattan CD4,Diana Cruz,646-486-4444 ,dcruz@visionsvcb.org,C8801,Main Site,OAC,dcruz@visionsvcb.org,Diana Cruz,,3,Bottcher,40.7433853,-73.99391556
Bottcher,YES,rng@greenwichhouse.org,FY24 SC 041,Westbeth,155 Bank Street,Manhattan,10014,3,3,Manhattan CD2,Ruby Ng,212-255-5191,rng@greenwichhouse.org,W1505,Main Site,OAC,rng@greenwichhouse.org,Ruby Ng,,3,Bottcher,40.73609504,-74.00920504
Brannan,NO,,FY24 SC 317,Bay Ridge Ctr for Health and Wellness,480 89th Street,Brooklyn,11209,47,43,Brooklyn CD10,Catherine King,718-748-0650 ext 105,cking@bayridgecenter.org,W1202,Main Site,OAC,,,,43,Brannan,40.61994687,-74.02816143
Brannan,YES,Dbreton@bayridgecenter.org,FY24 SC 318,Bay Ridge Ctr for Life Long Learning,"69-35 4th Avenue
15 Bay Ridge Avenue",Brooklyn,11209,,43,Brooklyn CD10,Daniela Breta,718-748-0650 ext 117,DBreton@BayRidgeCenter.org,W1201,Main Site,OAC,Dbreton@bayridgecenter.org,Daniela Breton,,43,Brannan,,
Brannan,NO,,FY24 SC 319,BAY RIDGE NNORC,7609 Third Avenue,Brooklyn,11209,47,43,310,Cathy King or Lascel Parkinson,718-333-5782,cking@bayridgecenter.org,2DA,Discretionary,NORC,,,,43,Brannan,40.63059941,-74.0281335
Brannan,YES,zhikangling@homecrest.org,FY24 SC 320,Homecrest Bensonhurtst OAC & Ave T Brooklyn,7907 New Utrecht Ave,Brooklyn,11214,43,43,Brooklyn CD11,Eileen Yu,718 621 7960,waiyee@homecrest.org,C4201,Main Site,OAC,zhikangling@homecrest.org,Zhikang Ling,,43,Brannan,40.61227862,-74.00093284
Brannan,YES,Natalie.barrington@NYULangone.org,FY24 SC 321,Shore Hill Older Adult Center,9000 Shore Road,Brooklyn,11209,47,43,Brooklyn CD10,Natalie Barrington,347-377-5474,natalie.barrington@nyulangone.org,C8001,Main Site,OAC,Natalie.barrington@NYULangone.org,Natalie Barrington,,43,Brannan,40.62211717,-74.04017222
Brewer,YES,sfalcon@projectfind.org,FY24 SC 049,FIND Aid Clinton OAC,530 West 55th Street,Manhattan,10019,6,6,Manhattan CD4,Stephanie Falcon,212-757-2026 ext. 332,sfalcon@projectfind.org ,C3301,Main Site,OAC,sfalcon@projectfind.org,stephanie falcon,FY24 SC 049,6,Brewer,40.76825796,-73.99058834
Brewer,YES,dyoung@projectfind.org,FY24 SC 042,FIND Aid Hamilton OAC ,141 West 73rd Street ,Manhattan,10023,6,6,Manhattan CD7,Daniel Young,212-787-7710 ext. 300,dyoung@projectfind.org,C3303,Main Site,OAC,dyoung@projectfind.org,Daniel Young,FY24 SC 042,6,Brewer,40.77862341,-73.97952727
Brewer,YES,vzakhary@goddard.org,FY24 SC 051,Goddard Riverside LSNC OAC @ West 65th St,250 West 65th Street,Manhattan,10023,6,6,Manhattan CD7,Viktoriia Zakhary ,212-874-0860 ext. 4904,vzakhary@goddard.org,C3601,Main Site,OAC,vzakhary@goddard.org,Viktoriia Zakhary,,6,Brewer,40.77500966,-73.98689022
Brewer,YES,mmason@goddard.org,FY24 SC 052,Goddard Riverside OAC at West 88th Street,593 Columbus Avenue,Manhattan,10024,6,6,Manhattan CD7,Marcia Mason,212-873-6600 ext. 1060,mmason@goddard.org,C3602,Main Site,OAC,mmason@goddard.org,Marcia Mason,,6,Brewer,40.78821165,-73.97090432
Brewer,YES,Nkaminsky@goddard.org,FY24 SC 053,GODDARD RIVERSIDE WEST SIDE NORC,593 COLUMBUS AVENUE,Manhattan,10024,6,6,107,Nina Kaminsky,212-665-3853,nkaminsky@goddard.org,N52-02,DFTA-Funded,NORC,Nkaminsky@goddard.org,Nina Kaminsky,,6,Brewer,40.78821165,-73.97090432
Brewer,YES,jinfante@jasa.org,FY24 SC 108,JASA Club 76 Older Adult Center,120 West 76th Street,Manhattan,10023,6,6,Manhattan CD7,Jessica Infante,212-273-5200,jinfante@jasa.org,C8304,Main Site,OAC,jinfante@jasa.org,Jessica Infante,,6,Brewer,40.78034128,-73.9777394
Brewer,YES,hzinn@lincolnhouseoutreach.org,FY24 SC 055,LINCOLN HOUSE OUTREACH NORC,303 W. 66TH STREET,Manhattan,10023,6,6,107,Holly Zinn,212-875-8958,hzinn@lincolnhouseoutreach.org,N36,Discretionary,NORC,hzinn@lincolnhouseoutreach.org,Holly Zinn,,6,Brewer,40.77610761,-73.98743159
Brewer,YES,vzakhary@goddard.org,FY24 SC 056,LINCOLN SQUARE NORC,250 W. 66TH STREET,Manhattan,10023,6,6,107,Viktoriia Zakhary ,212-724-6720,vzakhary@goddard.org,N52-01,DFTA-Funded- NYCHA,NORC,,,,6,Brewer,40.77524553,-73.98545319
Brooks-Powers,YES,vkrugolets@jasa.org,FY24 SC 234,JASA Brookdale Village,131 Beach 19th Street,Queens,11691,31,31,queens CD14,Victoria Krugolets,718-471-3200,vkrugolets@jasa.org,W2204,Main Site,OAC,vkrugolets@jasa.org,Viktoriya Krugolets,,31,Brooks-Powers,40.59376071,-73.75320673
Brooks-Powers,YES,schery@jasa.org,FY24 SC 235,JASA NNORC- FAR ROCKAWAY,131 BEACH 19TH. STREET,Queens ,11691,31,31,414,Stephania Chery,929-374-0219,schery@jasa.org,6XE,Discretionary,NORC,schery@jasa.org,Stephania Chery,FY24 SC 235,31,Brooks-Powers,40.59376071,-73.75320673
Brooks-Powers,YES,fsimon@jasa.org,FY24 SC 236,JASA Roy Reuther ,711 Seagirt Avenue,Queens,11691,31,31,queens CD14,Fran Simon,718-471-3110,fsimon@jasa.org,W2205,Main Site,OAC,fsimon@jasa.org,Fran Simon,,31,Brooks-Powers,40.5959955,-73.74218707
Brooks-Powers,YES,kthompson@oceanbaycdc.com,FY24 SC 237,Ocean Bay CDC Older Adult Center,74-16 Beach Channel Drive,Queens,11693,31,31,Queens CD14,Kahlii Thompson,718 945-8640 ext 214,kthompson@oceanbaycdc.com,C5301,Main Site,OAC,kthompson@oceanbaycdc.com,Kahlii Thompson,,31,Brooks-Powers,40.59074611,-73.80248438
Brooks-Powers,YES,deborahbowers255@gmail.com,FY24 SC 238,Robert Couche,137-57 Farmers Boulevard,Queens,11434,31,31,Queens CD12,Deborah Bowers,718-978-8352,deborahbowers255@gmail.com,CC301,Main Site,OAC,deborahbowers255@gmail.com,Deborah Bowers,,31,Brooks-Powers,40.67250996,-73.76413764
Brooks-Powers,YES,ccahn@snapqueens.org,FY24 SC 239,SNAP Brookville OAC,133-33 Brookville Boulevard,Queens,11422,31,31,Queens CD13,Marian Lewek,718-454-2100 x,mlewek8@aol.com,C7002,Main Site,OAC,ccahn@snapqueens.org,Cathy Cahn,,31,Brooks-Powers,40.67439561,-73.73274872
Brooks-Powers,YES,alicekwitkin@gmail.com,FY24 SC 362,Young Israel Wavecrest & Bayswater Senior League,2716 Healy Avenue,Queens,11691,31,31,Queens CD14,Alice Kwitkin,718-327-0297,alicekwitkin@gmail.com,C9404,Main Site,OAC,alicekwitkin@gmail.com,Alice Kwitkin,,31,Brooks-Powers,40.60414859,-73.76573683
Caban,YES,jleon@raices.us,FY24 SC 245,Astoria NSC ,21-21 30th Drive ,Queens,11102,22,22,Queens CD1,Jenedier Leon,718-726-9642,jleon@raices.us,C7209,Main Site,OAC,jleon@raices.us,Jenedier Leon,,22,Caban,40.76813486,-73.9289163
Caban,YES,michael.singh@ccbq.org,FY24 SC 247,CCNS DellaMonica- Steinway OAC,23-11 31st Road,Queens,11106,22,22,Queens CD1,Michael Singh,718-626-1500,Michael.singh@ccbq.org,C1702,Main Site,OAC,michael.singh@ccbq.org,Michael Singh,,22,Caban,40.76580726,-73.92881771
Caban,YES,Spajaj@hanac.org,FY24 SC 166,HANAC Harmony JVL Innovative Older Adult Center,27-40 Hoyt Avenue South,Queens,11102,22,22,Queens CD1,Sofia Suada Pajaj,718-396-5002,spajaj@hanac.org,C3902,Main Site,OAC,Spajaj@hanac.org,Sofia Pajaj,,22,Caban,40.77185624,-73.91979982
Caban,YES,azorlakki@hanac.org,FY24 SC 185,HANAC QUEENSVIEW NORC,33-34 CRESCENT STREET,Queens ,11106,22,22,401,Anastasia Zorlakki <AZorlakki@hanac.org>,718-433-9045 ext 302,AZorlakki@hanac.org,N54,DFTA-Funded,NORC,azorlakki@hanac.org,Anastasia Zorlakki,,22,Caban,40.76210516,-73.9297169
Caban,YES,Sblanco@raices.us,FY24 SC 187,RAICES Astoria Social Club,4-05 Astoria Boulevard,Queens,11102,22,22,Queens CD1,Suyapa Blanco Temp. Acting Director,718-762-9642,sblanco@raices.us,C7210,Affiliated,OAC,Sblanco@raices.us,"Suyapa Blanco-Hernandez, Deputy Director",,22,Caban,40.77294637,-73.9334675
Caban,YES,pmilteer@selfhelp.net,FY24 SC 188,SELFHELP BOULEVARD GARDENS NORC,51-42 30th Avenue ,Queens ,11377,22,22,401,"Petra Milteer, ",646-648-3202,pmilteer@selfhelp.net ,N62-01,DFTA-Funded,NORC,pmilteer@selfhelp.net,Petra Milteer ,FY24 SC 188,22,Caban,40.75951284,-73.90498252
Carr,YES,Arrocharfriendship@si.rr.com,FY24 SC 370,Arrochar OAC,44 Bionia Avenue,Staten Island,10305,50,50,Staten Island CD2,Maria Anselmo,718-698-7979,arrocharfriendship@si.rr.com,C7702,Main Site,OAC,Arrocharfriendship@si.rr.com,Maria Anselmo,,50,Carr,40.59671287,-74.07537709
Carr,YES,khagen@sijcc.com,FY24 SC 372,JCCSI Center for Lifelong Development (Bernikow OAC),1466 Manor Road,Staten Island,10314,50,50,Staten Island CD2,Amelia Winter,718-475-5284,awinter@sijcc.com,W1701,Main Site,OAC,khagen@sijcc.com,Kristine Hagen,,50,Carr,40.59491525,-74.12539348
Carr,YES,newdorpsc@aol.com,FY24 SC 374,New Dorp Beach OAC,128 Cedar Grove Avenue,Staten Island,10306,50,50,Staten Island CD2,"Joan Bradshaw (Cookie), Director ",718-814-3457 ,NewDorpSC@aol.com,C7704,Main Site,OAC,newdorpsc@aol.com,Joan Bradshaw,,50,Carr,40.56146697,-74.10032861
De La Rosa,NO,,FY24 SC 322,Agudath Israel Moriah Older Adult Luncheon Club,90 Bennett Avenue,Manhattan,10033,10,10,Manhattan CD12,Shuli Gutmann,212-923-5715,moriahcenter@gmail.com,C0102,Main Site,OAC,,,,10,De La Rosa,40.85301648,-73.93537913
De La Rosa,YES,Robinson@arcseniors.org,FY24 SC 095,ARC XVI Ft Washington Center,516-520 W 181th Street,Manhattan,10033,10,10,Manhattan CD12,Robinson Hernandez,212-781-5700,robinson@arcseniors.org,C0503,Main Site,OAC,Robinson@arcseniors.org,Robinson Hernandez,,10,De La Rosa,40.84843616,-73.9316498
De La Rosa,NO,,FY24 SC 096,Center for Adults Living Well @ the Y (OAC),54 Nagle Avenue,Manhattan,10040,10,10,Manhattan CD12,Diandria Hernandez,646-738-6084,dhernandez@ywhi.org,C9501,Main Site,OAC,,,,10,De La Rosa,40.85999258,-73.92912903
De La Rosa,YES,cothoalunc@aol.com,FY24 SC 098,Cothoa Luncheon Club,2005 Amsterdam Avenue ,Manhattan,10032,10,10,Manhattan CD12,Jane Ruddy,212-781-6580,cothoalunc@aol.com,C2601,Main Site,OAC,cothoalunc@aol.com,Jane Ruddy,,10,De La Rosa,40.83432526,-73.94095159
De La Rosa,NO,,FY24 SC 099,EL CORAZON NNORC,4026 BROADWAY,Manhattan,10032,10,10,112,Masiel Veras,212-342-9364,mveras@mjhs.org,3N1,Discretionary,NORC,,,,10,De La Rosa,40.84193261,-73.93904742
De La Rosa,NO,,FY24 SC 100,ISABELLA GERIATRIC FT GEORGE VISTAS NORC,17 FT. GEORGE HILL,Manhattan,10040,10,10,112,Miriam Colon,212-304-1064,mcolon@mjhs.org; cban@mjhs.org,N56,DFTA-Funded,NORC,,,,10,De La Rosa,40.85769975,-73.92750472
De La Rosa,YES,m.garcia@mmcc.org,FY24 SC 109,MMCC-CDC Older Adult Center Marble Hill,5365 Broadway,Bronx,10463,10,10,Bronx CD8,Maria Garcia,718-562-8551,m.garcia@mmcc.org,C2003,Main Site,OAC,m.garcia@mmcc.org,"Maria Garcia, PhD",,10,De La Rosa,40.8760615,-73.90788596
De La Rosa,YES,dyckmanseniorcenter@gmail.com,FY24 SC 102,NYFSC Dyckman Older Adult Center,3754 10th Avenue,Manhattan,10034,10,10,Manhattan CD12,Carol Weeks,212-569-7790,dyckmanseniorcenter@gmail.com,C5101,Main Site,OAC,dyckmanseniorcenter@gmail.com,Carol Weeks ,FY24 SC 102,10,De La Rosa,40.86084405,-73.92158686
De La Rosa,YES,priscilla.minaya@raininc.org,FY24 SC 104,RAIN Inwood OAC,84 Vermilyea Avenue,Manhattan,10034,10,10,Manhattan CD12,Priscilla Minaya,"212-567-3200, Ext: 325",priscilla.minaya@raininc.org,C5806,Main Site,OAC,priscilla.minaya@raininc.org,Priscilla Minaya,,10,De La Rosa,40.8658377,-73.92312838
De La Rosa,YES,Ljpena@starseniorcenter.org,FY24 SC 105,Washington Heights Neighborhood Senior Center (STAR OAC),650 West 187th Street,Manhattan,10033,10,10,Manhattan CD12,Leidy Jorge-Pena,212-781-8331,ljpena@starseniorcenter.org,C8901,Main Site,OAC,Ljpena@starseniorcenter.org,Leidy Jorge Pena,,10,De La Rosa,40.85367904,-73.93249389
Dinowitz,YES,bbutler@riverdaley.org,FY24 SC 106,AMALGAMATED PK RESEVOIR NORC,98 VAN CORTLANDT PARK SOUTH,Bronx,10463,11,11,208,Bayla Butler,718-548-4990,bbutler@riverdaley.org,N74,DFTA-Funded,NORC,bbutler@riverdaley.org,Bayla Butler LMSW,,11,Dinowitz,40.88501429,-73.89162466
Dinowitz,YES,iortiz@jasa.org,FY24 SC 054,JASA Van Cortlandt Older Adult Center,3880 Sedgwick Avenue,Bronx,10465,11,11,Bronx CD8,Indira Ortiz,718 549-4700,iortiz@jasa.org,C8310,Main Site,OAC,iortiz@jasa.org,Indira Ortiz,,11,Dinowitz,40.88299641,-73.89400753
Dinowitz,YES,mdoyle@mmcc.org,FY24 SC 101,MMCC-CDC Older Adult Center Main Building,3450 Dekalb Avenue,Bronx,10467,11,11,Bronx CD9,Maya Doyle,718-798-6601,mdoyle@mmcc.org,C2002,Main Site,OAC,mdoyle@mmcc.org,Maya Doyle,,11,Dinowitz,40.88148536,-73.88122632
Dinowitz,YES,sasherman@riverdaley.org,FY24 SC 110,New Beginnings (Riverdale Y),5625 Arlington Avenue,Bronx,10471,11,11,Bronx CD8,Sharon Asherman,718-548-8200,sasherman@riverdaley.org,C9701,Main Site,OAC,sasherman@riverdaley.org,Sharon Asherman,,11,Dinowitz,40.9050091,-73.90713317
Dinowitz,YES,Dilia.Sanabria@raininc.org,FY24 SC 131,RAIN Nereid OAC,720 Nereid Avenue,Bronx,10466,11,11,Bronx CD12,Dilia Sanabria,"718-994-0132, Ext: 345",dilia.sanabria@raininc.org,C5809,Main Site,OAC,Dilia.Sanabria@raininc.org,Dilia Sanabria,,11,Dinowitz,40.89815776,-73.85356829
Dinowitz,YES,acassidy@rssny.org,FY24 SC 111,RSS Center for Ageless Living,2600 Netherland Avenue,Bronx,10463,11,11,Bronx CD8,Andria Cassidy,718-884-5900,jdalton@rssny.org,C6101,Main Site,OAC,acassidy@rssny.org,"Andria Cassidy, Deputy Director ",,11,Dinowitz,40.87874354,-73.91567866
Dinowitz,YES,pburlace@annunciata.org,FY24 SC 112,Sister Annunciata Bethell OAC,243 East 204th Street,Bronx,10458,11,11,Bronx CD8,Patricia Burlace,718-365-3725,pburlace@annunciata.org,C0701,Main Site,OAC,pburlace@annunciata.org,Patricia A. Burlace,FY24 SC 112,11,Dinowitz,40.87420423,-73.88445748
Farias,YES,chervin@iprhe.org,FY24 SC 158,Bronx River,1619 East 174 Street,Bronx,10472,17,18,Bronx CD9,Collette Howell-Ervin,718-617-6334,CHErvin@iprhe.org,W1602,Main Site,OAC,chervin@iprhe.org,Collette Howell-Ervin,,18,Farias,40.83395,-73.87614718
Farias,NO,,FY24 SC 136,Bronxworks Soundview,391 Bronx River Avenue ,Bronx,10473,18,18,Bronx CD9,Maria Rivera,646-988-3606,mrivera@bronxworks.org,C1107,Main Site,OAC,,,,18,Farias,40.81462845,-73.86742242
Farias,YES,ntambini@centerlight.org,FY24 SC 160,Center Light PARKCHESTER ENHANCED NORC,1525 UNIONPORT ROAD,Bronx,10462,18,18,209,Nicole Tambini,718-409-1619,ntambini@centerlight.org,N51,DFTA-Funded,NORC,ntambini@centerlight.org,Nicole Tambini,,18,Farias,40.8365846,-73.85689847
Farias,YES,glisette.rivera@iprhe.org,FY24 SC 161,James Monroe,1780 Story Avenue,Bronx,10473,18,18,Bronx CD9,Glisette Rivera,718-893-3484,glisette.rivera@iprhe.org,W1605,Main Site,OAC,glisette.rivera@iprhe.org,Glisette Rivera,,18,Farias,40.82326419,-73.8657793
Farias,YES,emily.pelayo@kipsbay.org,FY24 SC 162,Kips Bay Castle Hill OAC,625 Castle Hill Avenue,Bronx,10473,18,18,Bronx CD9,Emily Pelayo,718-319-9156,emily.pelayo@kipsbay.org,C4801,Main Site,OAC,emily.pelayo@kipsbay.org,Emily Pelayo,,18,Farias,40.81975386,-73.8482094
Farias,YES,alison.ortiz@raininc.org,FY24 SC 163,RAIN Parkchester OAC,1380 Metropolitan Avenue,Bronx,10462,18,18,Bronx CD9,Alison Ortiz,718-239-4358 / 718-597-9220,alison.ortiz@raininc.org,C5810,Main Site,OAC,alison.ortiz@raininc.org,Alison Ortiz,,18,Farias,40.83514049,-73.86106104
Farias,YES,sarroyo@nshopp.org,FY24 SC 164,SHOPP Soundview Social Club,1674 Seward Avenue,Bronx,10473,18,18,Bronx CD9,Sandra Arroyo, 917-915-4016,sarroyo@nshopp.org ,W2302,Affiliated,OAC,sarroyo@nshopp.org,Sandra Arroyo,FY24 SC 164,18,Farias,40.81825423,-73.8698322
Farias,YES,kbrooks@ymcanyc.org,FY24 SC 165,YMCA - Glebe Older Adult Community Hub ,2125 Glebe Avenue,Bronx,10462,18,18,Bronx CD9,Kiyana Brooks,718-829-1564 x4,kbrooks@ymcanyc.org,C9301,Main Site,OAC,kbrooks@ymcanyc.org,Kiyana Brooks ,,18,Farias,40.83509966,-73.85036795
Feliz,YES,ssmart@bronxworks.org,FY24 SC 135,Bronxworks East Concourse (My Spot/Mi Rincon OAC),236 East Tremont Ave,Bronx,10457,15,15,Bronx CD5,Solomon Smart,718 731-6300,ssmart@bronxworks.org,C1103,Main Site,OAC,ssmart@bronxworks.org,Solomon Smart,,15,Feliz,40.84893568,-73.90456201
Feliz,NO,,FY24 SC 159,Bronxworks Twin Parks West,355 E 183 Street,Bronx,10458,15,15,Bronx CD5,Robert Corrigan,347-270-1710,rcorrigan@bronxworks.org,C1105,Main Site,OAC,,,,15,Feliz,40.85639112,-73.89599115
Feliz,YES,hsolomon@pssusa.org,FY24 SC 137,PSS Parkside,644 Adee Avenue ,Bronx,10467,12,15,Bronx CD11,Huda Solomon,718-881-7780,hsolomon@pssusa.org ,W1901,Main Site,OAC,hsolomon@pssusa.org,Huda Solomon,,15,Feliz,40.86967006,-73.86910604
Feliz,YES,joenny.castillo@raininc.org,FY24 SC 138,RAIN Mt Carmel OAC,2405 Southern Boulevard,Bronx,10462,15,15,Bronx CD6,Joenny Castillo,"718-733-8852, Ext: 390",Joenny.castillo@raininc.org,C5808,Main Site,OAC,joenny.castillo@raininc.org,Joenny Castillo ,,15,Feliz,40.85377248,-73.88155776
Feliz,YES,rrosario@nshopp.org,FY24 SC 157,SHOPP Thomas Guess OAC,2070 Clinton Avenue,Bronx,10457,15,15,Bronx CD7,Ruby Rosario,718-584-2357,rrosario@nshopp.org,C8401,Main Site,OAC,rrosario@nshopp.org,Ruby Rosario,,15,Feliz,40.84723564,-73.88810069
Gennaro,YES,dhorton@allencnp.org,FY24 SC 114,Allen Shelton Affiliate,89-09 162nd Street,Queens,11432,27,24,Queens CD12,Dion Horton,718 657-5075,dhorton@allencnp.org,C0203,Affiliated,OAC,dhorton@allencnp.org,DIon Horton,,24,Gennaro,40.70657032,-73.79906097
Gennaro,YES,kavita @indiahome.org,FY24 SC 197,India Home Desi Senior Center,178-36 Wexford Terrace,Queens,11432,24,24,Queens CD8,Kavita Shan,(917)825-1559,kavita@indiahome.org,C4401,Main Site,OAC,kavita @indiahome.org,Kavita Shah,,24,Gennaro,40.71350758,-73.78456079
Gennaro,NO,,FY24 SC 198,Jamaica Muslim Center,85-37 168th Street,Queens,11432,24,24, ,Kavita Shan,(917)825-1559,kavita@indiahome.org,C4402,Affiliated,OAC,,,,24,Gennaro,40.7132463,-73.79633907
Gennaro,YES,dbvasquez@qchnyc.org,FY24 SC 218,Jamaica OAC,89-60 164th Street,Queens,11420,27,24, ,Daisy Baez-Vasquez, 917-496-2357,dbvasquez@qchnyc.org,CC201,Main Site,OAC,dbvasquez@qchnyc.org,Daisy Baez-Vasquez,,24,Gennaro,40.70705239,-73.79692427
Gennaro,YES,ydmckain@qchnyc.org,FY24 SC 204,QCH Pomonok OAC,67-09 Kissena Boulevard,Queens,11367,24,24,Queens CD8,Yvette Dick -McKain   ,718-591-3377,YDMcKain@qchnyc.org,C5603,Main Site,OAC,ydmckain@qchnyc.org,Yvette Dick-McKain,,24,Gennaro,40.73503236,-73.81472562
Gennaro,YES,youngisraelsenior@nyc.rr.com,FY24 SC 240,Young Israel Programs Queens Valley II,141-55 77th Avenue,Queens,11367,24,24,Queens CD8,Alan Gombo,718-263-6995,youngisraelsenior@nyc.rr.com,C9403,Main Site,OAC,youngisraelsenior@nyc.rr.com,Alan Gombo,,24,Gennaro,40.72112725,-73.81982213
Gutierrez,YES,Jdumay@jasa.org,FY24 SC 253,JASA BUSHWICK HYLAN NORC,50 HUMBOLDT STREET,Brooklyn,11206,34,34,301,Jean Dumay,718-408-7532,jdumay@jasa.org,N68-02,DFTA-Funded- NYCHA,NORC,Jdumay@jasa.org,Jean Dumay,,34,Gutierrez,40.70317873,-73.9407612
Gutierrez,NO,,FY24 SC 191,JASA Williamsburg Older Adult Center,202 Graham Avenue,Brooklyn,11206,34,34,Brooklyn CD1,Jessica Infante,718-388-6865,help@jasa.org,C8311,Main Site,OAC,,,,34,Gutierrez,40.70887821,-73.9434433
Gutierrez,YES,Mnieves@stnicksalliance.org,FY24 SC 254,LINDSAY PARK NORC,31 Leonard Street,Brooklyn,11206,34,34,301,Mayra Nieves,718-874-0102,mnieves@stnicksalliance.org,N64,DFTA-Funded,NORC,Mnieves@stnicksalliance.org,Mayra Nieves ,,34,Gutierrez,40.70427924,-73.94606204
Gutierrez,YES,gboszeta@riseboro.org,FY24 SC 255,Palmetto Gardens Senior Club,85 Palmetto Street,Brooklyn,11221,37,34,Brooklyn CD4,"NA, Vacant- Contact Marisol ",718-676-0876,elizardo@riseboro.org,W2005,Affiliated,OAC,gboszeta@riseboro.org,Interim - Gianina Boszeta ,,34,Gutierrez,40.69159891,-73.9188398
Gutierrez,YES,rortiz@riseboro.org,FY24 SC 256,Riseboro Borinquen Plaza ,80 Seigel Street ,Brooklyn,11206,34,34,Brooklyn CD1,Rosemarie Ortiz , (718) 603-9080,rortiz@riseboro.org,W2001,Main Site,OAC,rortiz@riseboro.org,Rosemarie Ortiz,,34,Gutierrez,40.70436598,-73.94377533
Gutierrez,YES,rmorales@riseboro.org,FY24 SC 257,Riseboro Diana Jones ISC,9 Noll Street,Brooklyn,11206,34,34,Brooklyn CD4,Roxana Morales,(718) 782-3601 Ext. 1101    ,nruiz@riseboro.org,W2003,Main Site,OAC,rmorales@riseboro.org,Roxana Morales,,34,Gutierrez,40.70016225,-73.93567516
Gutierrez,YES,ibowens@riseboro.org,FY24 SC 258,Roundtable Senior,1175 Gates Avenue ,Brooklyn,11206,37,34,Brooklyn CD4,Ivory Bowens,718 443-1903,info@riseboro.org,W2007,Main Site,OAC,ibowens@riseboro.org,Ivory Bowens,,34,Gutierrez,40.6917067,-73.91990705
Gutierrez,YES,siglesias@lossures.org,FY24 SC 259,"Southside Los Sures ""David Santiago""",201 South 4th Street,Brooklyn,11211,34,34,Brooklyn CD1,Sonia Iglesias,718-384-2314,rsirotabassin@lossures.org,C7101,Main Site,OAC,siglesias@lossures.org,Sonia Iglesias,,34,Gutierrez,40.71088066,-73.96016023
Gutierrez,YES,dperez@stnicksalliance.org,FY24 SC 260,St Nicks Alliance Cooper Park Social Club,288 Frost Street,Brooklyn,11211,34,34,Brooklyn CD1,Denise Perez,718-408 6328,dperez@stnicksalliance.org,C7501,Main Site,OAC,dperez@stnicksalliance.org,Denise Perez,,34,Gutierrez,40.71883714,-73.93985623
Gutierrez,YES,ckamen@stnicksalliance.org,FY24 SC 261,St Nicks Alliance Swinging Sixties OAC,211 Ainslie Street,Brooklyn,11211,34,34,Brooklyn CD1,"Cheryl Kamen; Rachida Rouias,Assistant Director,Swinging Sixties OAC","718.963.3793, Ext. 910",ckamen@stnicksalliance.org; rrouias@stnicksalliance.org,C7502,Main Site,OAC,ckamen@stnicksalliance.org,"Cheryl L. Kamen, LMSW, Deputy Director of Elder Care For OACs & NORC",,34,Gutierrez,40.71297162,-73.94545262
Hanif,YES,Edugansc@aol.com,FY24 SC 288,Eileen Dugan Senior Center,378 Court Street,Brooklyn,11231,39,39,Brooklyn CD6,Carol Rembert,718-596-1956,edugansc@aol.com,W1101,Main Site,OAC,Edugansc@aol.com,Carol Reid -Rembert,FY24 SC 288,39,Hanif,40.68137026,-73.99639095
Hanif,YES,mabrams@heightsandhills.org,FY24 SC 289,Park Slope Ctr for Successful Aging,463A 7th Street,Brooklyn,11218,39,39,Brooklyn CD6   ,Matthew Abrams,718-832-3726,mabrams@heightsandhills.org,C4001,Main Site,OAC,mabrams@heightsandhills.org,Matt Abrams,,39,Hanif,40.66841893,-73.98120126
Hanif,YES,jeradiri@yahoo.com,FY24 SC 290,Prospect Hill NSC,283 Prospect Avenue,Brooklyn,11215,39,39,Brooklyn CD7   ,Jackie Eradiri,718 499 9574,jeradiri@yahoo.com,C7401,Main Site,OAC,jeradiri@yahoo.com,jacqueline eradiri,,39,Hanif,40.66332291,-73.98916497
Hanks,YES,ldellasalla@cc-si.org,FY24 SC 363,Anderson Neighborhood Senior Center,120 Anderson Avenue,Staten Island,10302,49,49,Staten Island CD1  ,Lauren Della Salla,718-448-5757,ldellasalla@cc-si.org,C1801,Main Site,OAC,ldellasalla@cc-si.org,Lauren Della Salla,,49,Hanks,40.63492692,-74.13442196
Hanks,YES,jacqueline.west@cascsiny.org,FY24 SC 364,CASC Cassidy Coles NSC,125 Cassidy Place,Staten Island,10301,49,49,Staten Island CD1  ,Jacqueline West,718-273-6808,jacqueline.west@cascsiny.org,C2201,Main Site,OAC,jacqueline.west@cascsiny.org,JACQUELINE WEST,,49,Hanks,40.64188736,-74.09648948
Hanks,YES,glenda.martinez@cascsiny.org,FY24 SC 365,CASC New Lane NSC,70 New Lane,Staten Island,10301,49,49,Staten Island CD1  ,Glenda Martinez,718-448-5936,glenda.martinez@cascsiny.org,C2202,Main Site,OAC,glenda.martinez@cascsiny.org,Glenda Martinez,,49,Hanks,40.61281072,-74.06225611
Hanks,YES,mrivera@jcc.com,FY24 SC 366,JCC GO KOSSAH (Stapleton NNORC),189 Gordon Street,Staten Island,10304,49,49,501,Maritza Rivera,718-981-8828,mrivera@sijcc.com,5AC,Discretionary-NYCHA,NORC,mrivera@jcc.com,Maritza Rivera,,49,Hanks,40.62312364,-74.08283846
Hanks,YES,mrivera@jcc.com,FY24 SC 368,Stapelton OAC,189 Gordon Street,Staten Island,10304,49,49,Staten Island CD1  ,Maritza Rivera,718-981-8828,MRivera@SIJCC.COM,W1703,Main Site,OAC,mrivera@jcc.com,Maritza Rivera,,49,Hanks,40.62312364,-74.08283846
Hanks,YES,tdesienathfc@gmail.com,FY24 SC 375,Todt Hill OAC,184 Schmidts Lane,Staten Island,10314,49,49,Staten Island CD1  ,Lillian Hughes,718-698-7979,lhughesthfc@gmail.com,C7705,Main Site,OAC,tdesienathfc@gmail.com,Todd DeSiena,,49,Hanks,40.60905771,-74.11905251
Hanks,YES,LSPIVEY@CC-SI.ORG,FY24 SC 369,West Brighton Neighborhood Senior Center,230 Broadway,Staten Island,10310,49,49,Staten Island CD1  ,La'Rae Spivey,718-727-9793 ,lspivey@cc-si.org,C1802,Main Site,OAC,LSPIVEY@CC-SI.ORG,LARAE SPIVEY ,,49,Hanks,40.63648526,-74.11752332
Holden,YES,zallevy2@gmail.com,FY24 SC 230,Middle Village OAC,69-10 75th Street,Queens,11379,30,30,Queens CD5,Rabbi Richard Levy,718-894-3441,middlevillageadultcenter@gmail.com,C5701,Main Site,OAC,zallevy2@gmail.com,Rabbi Richard Levy,FY24 SC 230,30,Holden,40.70928441,-73.87666376
Holden,YES,PCSENIORS@NYC.RR.COM,FY24 SC 231,Peter Cardella Older Adult Center,68-52 Fresh Pond Road,Queens,11385,30,30,Queens CD5,Barbara Toscano,718-497-2908,pcseniors@nyc.rr.com,C5401,Main Site,OAC,PCSENIORS@NYC.RR.COM,BARBARA TOSCANO,,30,Holden,40.70387406,-73.89567368
Holden,YES,ecostea.roacny@gmail.com,FY24 SC 232,"Ridgewood Older Adult Center And Services, Inc",5914 70th Avenue,Queens,11385,30,30,Queens CD5,Elena Costea,718-456-2000,ROAC5914@gmail.com,C5901,Main Site,OAC,ecostea.roacny@gmail.com,Elena Costea,,30,Holden,40.70119079,-73.90002374
Holden,YES,mdixon@selfhelp.net,FY24 SC 233,Selfhelp Maspeth,69-61 Grand Avenue ,Queens,11378,30,30,Queens CD5,Maria Dixon,718-429-3636,mdixon@selfhelp.net,W2105,Main Site,OAC,mdixon@selfhelp.net,Maria Dixon,,30,Holden,40.72701871,-73.89355568
Hudson,YES,michelle.williams@ccbq.org,FY24 SC 248,CCNS St Louis OAC,230 Kingston Avenue,Brooklyn,11213,35,35,Brooklyn CD8,Michelle Williams,718-771-7945,Michelle.williams@ccbq.org,C1715,Main Site,OAC,michelle.williams@ccbq.org,MIchelle Williams,FY24 SC 248,35,Hudson,40.67182034,-73.94198228
Hudson,YES,sfletcher@fortgreenecouncil.org,FY24 SC 263,Grace Agard Harewood OAC ,966 Fulton Street,Brooklyn,11238,35,35,Brooklyn CD2   ,Septimus Fletcher,718-638-6910,sfletcher@fortgreenecouncil.org,C3501,Main Site,OAC,sfletcher@fortgreenecouncil.org,Septimus Fletcher,,35,Hudson,40.68248671,-73.96217825
Hudson,YES,sjohnson@raices.us,FY24 SC 264,RAICES  Farragut OAC Satellite,228 York Street,Brooklyn,11201,35,35,Brooklyn CD2   ,Sheila Johnson,718 624 0771,sjohnson@raices.us,C7207,Affiliated,OAC,sjohnson@raices.us,Sheila Johnson,,35,Hudson,40.70130413,-73.98176182
Hudson,NO,,FY24 SC 093,SAGE Center Brooklyn at Stonewall House,271 Myrtle Avenue,Brooklyn,11201,35,35,Brooklyn CD2   ,Odinakachi Chigewe ,(646)518-9744,ochigewe@sageusa.org,C6903,Main Site,OAC,,,,35,Hudson,40.69345345,-73.97804247
Hudson,YES,Ksemplecain@fortgreenecouncil.org,FY24 SC 266,Willoughby OAC,105 North Portland Avenue,Brooklyn,11205,35,35,Brooklyn CD2   ,Kenesha Semple,718-875-1011,ksemple@fortgreenecouncil.org,C3504,Main Site,OAC,Ksemplecain@fortgreenecouncil.org,Kenesha Semple-Cain,,35,Hudson,40.69478153,-73.97611634
Jordan,YES,richard@arcseniors.org,FY24 SC 083,ARC XVI A Philip Randolph Center (ARC Ft Washington NSC),108 West 146 Street,Manhattan,10039,9,9,Manhattan CD10,Richard Allman,212-281-1349,richard@arcseniors.org,C0501,Main Site,OAC,richard@arcseniors.org,Richard Allman,,9,Jordan,40.82134029,-73.93631676
Jordan,YES,Jessika@arcseniors.org,FY24 SC 084,ARC XVI Central Harlem Center,120 West 140th Street ,Manhattan,10030,9,9,Manhattan CD10,Jessika Roldan,347-919-5072,jessika@arcseniors.org,C0502,Main Site,OAC,Jessika@arcseniors.org,Jessika Roldan,,9,Jordan,40.81757888,-73.93927204
Jordan,YES,Lrsmaav60@gmail.com,FY24 SC 085,Canaan Senior Service Center,1428 5th Avenue,Manhattan,10035,9,9,Manhattan CD10,Kim Parker,212-876-2638,canaansenior@gmail.com,C1501,Main Site,OAC,Lrsmaav60@gmail.com,Kim Parker ,,9,Jordan,40.80114962,-73.9461208
Jordan,NO,,FY24 SC 107,Central Harlem  Lincoln,60 E 135th Street,Manhattan,10035,9,9,Manhattan CD11,Alishia Thomas,212-926-4871/4465,athomas@chscc.org,C1903,Affiliated,OAC,,,,9,Jordan,40.81160949,-73.93493526
Jordan,NO,,FY24 SC 097,Central Harlem Kennedy,34 W. 134th Street,Manhattan,10037,9,9,Manhattan CD10,Alishia Thomas,212-926-4871/4465,athomas@chscc.org,C1901,Main Site,OAC,,,,9,Jordan,40.8127017,-73.93964497
Jordan,YES,vjohnson@chscc.org,FY24 SC 086,Central Harlem SC Ctr Beatrice Lewis,2322 Third Avenue,Manhattan,10035,8,9,Manhattan CD11,Vivian Johnson,212-289-9155,vjohnson@chscc.org,C1904,Main Site,OAC,vjohnson@chscc.org,Vivian Johnson,,9,Jordan,40.80446515,-73.93526011
Jordan,YES,Mwarrell@chscc.org,FY24 SC 087,Central Harlem St Nick ,210 W. 131st Street,Manhattan,10027,9,9,Manhattan CD10,Monica Warrell,646-678-4451,MWarrell@chscc.org,C1902,Affiliated,OAC,Mwarrell@chscc.org,Monica Warrell ,,9,Jordan,40.81297665,-73.94614013
Jordan,YES,cmartinez@foodbanknyc.org,FY24 SC 088,Food Bank For New York City OAC,252 West 116th Street,Manhattan,10026,9,9,Manhattan CD10,Charles Martinez,212-566-7855 Ext 6452,cmartinez@foodbanknyc.org; ndone@foodbanknyc.org; zhall@foodbanknyc.org; hsmith@foodbanknyc.org,C3401,Main Site,OAC,cmartinez@foodbanknyc.org,Zac Hall,,9,Jordan,40.80417804,-73.95481267
Jordan,YES,cothoalunc@aol.com,FY24 SC 089,Polo Grounds Satellite ,2965 Frederick Douglass Boulevard,Manhattan,10039,9,9,Manhattan CD10,Marcus Guevara,212-283-5475,pgsc157@gmail.com,C2602,Affiliated,OAC,cothoalunc@aol.com,Jane Ruddy,FY24 SC 089,9,Jordan,40.83024151,-73.93649976
Jordan,YES,rwilson2pssusa.org,FY24 SC 090,PSS Harlem,127 West 127th Street,Manhattan,10027,9,9,Manhattan CD10,Rorima Wilson,212-222-3132,rwilson@pssusa.org,W1906,Main Site,OAC,rwilson2pssusa.org,Rorima Wilson,,9,Jordan,40.8094878,-73.94549634
Jordan,YES,KDinham@pssusa.org,FY24 SC 091,PSS King Towers ,50 Lenox Avenue,Manhattan,10026,9,9,Manhattan CD10,Katrina Dinham,917-734-4452,kdinham@pssusa.org,W1907,Main Site,OAC,KDinham@pssusa.org,Ms. KaTrina Dinham,FY24 SC 091,9,Jordan,40.79959297,-73.95142065
Jordan,NO,,FY24 SC 092,RJ Rangel OAC,159-36 Harlem River Drive,Manhattan,10039,9,9,Manhattan CD10,Catalina Guzman,646-918-7570,rangelscenter@aol.com C,C2604,Affiliated,OAC,,,,9,Jordan,40.83336441,-73.93545604
Jordan,YES,dknight@sageusa.org,FY24 SC 265,SAGE Center Harlem,220 West 143rd Street,Manhattan,10030,9,9,Manhattan CD10,Debra Knight,(929)458-0170,dknight@sageusa.org; astivala@sageusa.org; ccarteciano@sageusa.org ,C6902,Main Site,OAC,dknight@sageusa.org,Debra Knight,,9,Jordan,40.82079939,-73.94112979
Jordan,YES,,FY24 SC 094,SAGE HARLEM  COMMUNITY CENTER NORC,220 W. 143RD STREET,Manhattan,10030,9,9,110,Debra Knight,646-660-8951 ,dknight@sageusa.org; astivala@sageusa.org; ccarteciano@sageusa.org ,3N3,Discretionary,NORC,,,,9,Jordan,40.82079939,-73.94112979
Joseph,YES,AHEIN49412@AOL.COM,FY24 SC 292,Agudath Israel Brookdale Senior Center,817 Avenue H,Brooklyn,11230,45,40,Brooklyn 40,Aron Heineman,718-434-8670,ahein49412@aol.com,C0101,Main Site,OAC,AHEIN49412@AOL.COM,Rabbi Aron Heineman,,40,Joseph,40.62926736,-73.96868594
Joseph,YES,ivan@dorchestercenter.org,FY24 SC 294,Dorchester Senior Citizens Center OAC,1419 Dorchester Road,Brooklyn,11226,40,40,Brooklyn CD14   ,Joanne Biswakarma,718-941-6700,dorchesterseniorsnyc@gmail.com,C2901,Main Site,OAC,ivan@dorchestercenter.org,Ivan Slutsky,,40,Joseph,40.63897177,-73.96468909
Joseph,YES,llawrence@fortgreenecouncil.org,FY24 SC 295,Hazel Brooks OAC,961 Ocean Avenue,Brooklyn,11226,40,40,Brooklyn CD14   ,Leishanna Lawrence,347-435-3287,llawrence@fortgreenecouncil.org,C3514,Main Site,OAC,llawrence@fortgreenecouncil.org,Leishanna Lawrence,,40,Joseph,40.63889024,-73.95887726
Joseph,YES,stgabctr@aol.com,FY24 SC 296,St Gabriels Episcopal Church NSC,331 Hawthorne Street,Brooklyn,11225,40,40,Brooklyn CD9   ,Judith Villaroel,718-773-4049,stgabctr@aol.com,C7301,Main Site,OAC,stgabctr@aol.com,Judith Villaroel,,40,Joseph,40.65791872,-73.94921714
Kagan,YES,jfungwk@gmail.com,FY24 SC 282,BCA Bensonhurst Older Adult Center,6409 20th Ave,Brooklyn,11204,43,47,Brooklyn CD11,Jenny Fung,718 331 3088,jfungwk@gmail.com,C1201,Main Site,OAC,jfungwk@gmail.com,Jenny Fung,FY24 SC 282,47,Kagan,40.61699599,-73.9853544
Kagan,YES,Catherine.Palermo@ccbq.org,FY24 SC 201,CCNS The Lodge OAC,7711 18th Avenue,Brooklyn,11214,43,47,Brooklyn CD11,Catherine Palermo,718-621-1081,catherine.palermo@ccbq.org,C1717,Main Site,OAC,Catherine.Palermo@ccbq.org,"Catherine Palermo, Program Manager",,47,Kagan,40.61208645,-73.99728792
Kagan,YES,dbailey@jasa.org,FY24 SC 349,JASA CONEY ISLAND ACTIVE AGING NORC,2950 WEST 35TH STREET,Brooklyn,11224,47,47,313,Donna McEwen-Bailey,718-943-7812,dmcewen@jasa.org,N68-03,DFTA-Funded-NYCHA,NORC,dbailey@jasa.org,Donna Bailey,,47,Kagan,40.57383771,-74.00049315
Kagan,YES,lshneyer@jasa.org,FY24 SC 350,JASA Luna Park Annex,2880 West 12th Street,Brooklyn,11224,47,47,Brooklyn CD13,Lidia Shneyer,718-373-3954,drussell@jasa.org; lshneyer@jasa.org,C8307.1,Affiliated,OAC,lshneyer@jasa.org,Lidia Shneyer,,47,Kagan,40.57734651,-73.97962497
Kagan,YES,lshneyer@jasa.org,FY24 SC 351,JASA Scheuer Coney Island OAC,3601 Surf Avenue,Brooklyn,11224,47,47,Brooklyn CD13,Lidia Shneyer,718-373-3954,lshneyer@jasa.org,C8306,Main Site,OAC,lshneyer@jasa.org,Lidia Shneyer,,47,Kagan,40.57314326,-74.00158742
Kagan,YES,kstieber@jasa.org,FY24 SC 352,JASA WARBASSE CARES NORC,2844 OCEAN PARKWAY,Brooklyn,11235,48,47,313,Karin Stieber,718-996-5200,kstieber@jasa.org,N68-04,DFTA-Funded,NORC,kstieber@jasa.org,Karin Stieber,,47,Kagan,40.58054167,-73.96842799
Kagan,YES,GBR@JCCGCI.org  or G.Brandi@JCCGCI.org,FY24 SC 353,JCCGCI Coney Island Seaside Older Adult Center (ISC),3001 West 37th Street,Brooklyn,11224,47,47,Brooklyn CD13,Grace Brandi,718-449-6363,g.brandi@jccgci.org,C4701,Main Site,OAC,GBR@JCCGCI.org  or G.Brandi@JCCGCI.org,Grace Brandi,,47,Kagan,40.57317618,-74.00250892
Kagan,YES,GBR@JCCGCI.org,FY24 SC 360,JCCGCI Haber House Older Adult Center,3024 West 24th Street,Brooklyn,11224,47,47,Brooklyn CD13,Grace Brandi,718-449-6363 ,gbr@jccgci.org>,C4702,Main Site,OAC,GBR@JCCGCI.org,Grace Brandi (Director position currently vacant),,47,Kagan,40.57317034,-73.99064463
Kagan,YES,rer@jccgci.org,FY24 SC 338,JCCGCI Kings Highway Older Adult Center,1879 East 3rd Street,Brooklyn,11223,44,47,Brooklyn CD15 ,Risa Erps,929-628-1007,rer@jccgci.org,C4704,Main Site,OAC,rer@jccgci.org,Risa Erps,,47,Kagan,40.60409795,-73.96994379
Kagan,YES,n.gutierrez@jccgci.org,FY24 SC 356,JCCGCI Marlboro Older Adult Center,2298 West 8th Street,Brooklyn,11223,47,47,Brooklyn CD13,Nelson Gutierrez,718-373-6161,n.gutierrez@jccgci.org,C4706,Main Site,OAC,n.gutierrez@jccgci.org,Nelson Gutierrez,,47,Kagan,40.59208039,-73.97846827
Kagan,NO,,FY24 SC 357,JCCGCI Ocean Parkway Older Adult Center,1960 East 7th Street,Brooklyn,11223,44,47,Brooklyn CD15 ,Shamuil Mikhli,718- 449–5000 ext 2821,s.mikhli@jccgci.org; m.vachnine@jccgci.org; gbr@jccgci.org,C4708,Main Site,OAC,,,,47,Kagan,40.60308374,-73.9650826
Krishnan,YES,Mariana.ortiz@ccbq.org,FY24 SC 348,CCNS Catherine Sheridan OAC,35-24 83rd Street,Queens,11372,25,25,Queens CD3,Mariana Ortiz,718-458-4600,mariana.ortiz@ccbq.org; Debra.Hoffer@ccbq.org,C1703,Main Site,OAC,Mariana.ortiz@ccbq.org,Mariana Ortiz,,25,Krishnan,40.75154728,-73.88370295
Krishnan,YES,miriam.rolon@iprhe.org,FY24 SC 202,Elmhurst,75-01 Broadway Avenue,Queens,11373,25,25,Queens CD4,Mirian Rolon,718-478-7171,Miriam.Rolon@iprhe.org,W1604,Main Site,OAC,miriam.rolon@iprhe.org,Miriam Rolon,FY24 SC 202,25,Krishnan,40.74617121,-73.89020845
Krishnan,YES,maria@newtownseniorcenter.org,FY24 SC 203,Italian Senior Citizens  Center Inc,83-20 Queens Boulevard,Queens,11373,30,25,Queens CD4,Maria Cuoco,718-335-7272,maria@newtownseniorcenter.org,C4501,Main Site,OAC,maria@newtownseniorcenter.org,Maria Cuoco,,25,Krishnan,40.73720457,-73.8796865
Krishnan,YES,bsreyes@qchnyc.org,FY24 SC 227,QCH Queens Center for Gay Seniors (QCGS) OAC,37-06 77th Street ,Queens,11372,25,25,Queens CD3,Bertis Shankle-Reyes,(718) 533-6459,bsreyes@qchnyc.org,C5604,Main Site,OAC,bsreyes@qchnyc.org,Bert Shankle-Reyes,,25,Krishnan,40.74890659,-73.88902016
Krishnan,YES,ktaylor@selfhelp.net,FY24 SC 205,SELFHELP NORTHRIDGE 11-BRULENE NORC,33-45 90TH STREET,Queens ,11372,25,25,403,Karen Taylor,718-396-5425,ktaylor@selfhelp.net,N62-03,DFTA-Funded,NORC,ktaylor@selfhelp.net,Karen Taylor,,25,Krishnan,40.75488961,-73.87765493
Lee,YES,Pang.Chu@ccbq.org,FY24 SC 268,CCNS Bayside OAC,221-15 Horace Harding Expressway ,Queens,11364,23,23,Queens CD11,Pang Chu,718-225-1144,pang.chu@ccbq.org,C1701,Main Site,OAC,Pang.Chu@ccbq.org,Pang F. Chu,,23,Lee,40.74968816,-73.75655945
Lee,YES,gbrown2@jasa.org,FY24 SC 190,JASA Holliswood Older Adult Center,86-25 Francis Lewis Boulevard,Queens,11427,23,23,Queens CD8,Gail Brown          ,718-454-6157,gbrown2@jasa.org,C8305,Main Site,OAC,gbrown2@jasa.org,Gail A. Brown,,23,Lee,40.72494815,-73.76510655
Lee,NO,,FY24 SC 192,NORC WITHOUT WALLS (NNORC),58-20 LITTLE NECK PKWY,Queens ,11362,23,23,411,Ebony Johnson,718-225-6750,ejohnson@commonpointqueens.org,4N1,Discretionary,NORC,,,,23,Lee,40.76157704,-73.72312172
Lee,YES,wlepper@commonpointqueens.org,FY24 SC 193,Sam Field Older Adult Center,58-20 Little Neck Parkway,Queens,11362,23,23,Queens CD11,Barbara Becker Bruno,718-225-6750 ext 233,BBeckerbruno@commonpointqueens.org,C6501,Main Site,OAC,wlepper@commonpointqueens.org,"Wendy Lepper, LMSW",,23,Lee,40.76157704,-73.72312172
Lee,YES,vmargolies@commonpointqueens.org,FY24 SC 194,SAMUEL FIELD Y DEEPDALE GARDENS NORC,57-17 MARATHON PARKWAY,Queens ,11362,23,23,411,Victoria Margolies,718-225-3929,vmargolies@commonpointqueens.org,N61-02,DFTA-Funded,NORC,vmargolies@commonpointqueens.org,Victoria Margolies,,23,Lee,40.75941978,-73.73128497
Lee,NO,,FY24 SC 195,SELFHELP FRESH MEADOWS NORC,67-00 192ND ST.,Queens ,11365,23,23,408,Anthony Castro,718-559-4330,acastro@selfhelp.net,N62-04,DFTA-Funded,NORC,,,,23,Lee,40.73781226,-73.78153405
Lee,YES,nbhola@snapqueens.org,FY24 SC 196,SNAP Eastern Queens OAC (ISC),80-45 Winchester Boulevard,Queens,11427,23,23,Queens CD13,Cathy Cahn,718-525-8899,ccahn@snapqueens.org,C7001,Main Site,OAC,nbhola@snapqueens.org,Nina Bhola-Cruz,,23,Lee,40.73768488,-73.73402127
Louis,YES,Nadine.Aspilaire@ccbq.org,FY24 SC 216,CCNS Glenwood OAC,5701 Avenue H,Brooklyn,11234,45,45,Brooklyn CD18   ,Nadine Aspilaire ,718-241-7711,nadine.aspilaire@ccbq.org,C1718,Main Site,OAC,Nadine.Aspilaire@ccbq.org,Nadine Aspilaire,,45,Louis,40.63328794,-73.92155521
Louis,NO,,FY24 SC 336,Council of Peoples Organization: Halal Senior Center ,1075-1077 Coney Island Avenue,Brooklyn,11230,45,45,Brooklyn CD14   ,Hasa Raza            ,718-434-3266 x 1013,hraza@copo.org,C2701,Main Site,OAC,,,,45,Louis,40.63116888,-73.96646577
Louis,YES,H.reiser@jccgci.org,FY24 SC 330,JCCGCI Midwood Older Adult Center,1625 Ocean Avenue,Brooklyn,11230,45,45,Brooklyn CD14   ,Henny Riser,718-253-0508,h.reiser@jccgci.org; info@selfhelp.net,C4707,Main Site,OAC,H.reiser@jccgci.org,Henny Reiser ,,45,Louis,40.62234075,-73.95574268
Louis,YES,Lkellman@milldev.org,FY24 SC 340,PHILLIP HOWARD NORC,1655 FLATBUSH AVENUE,Brooklyn,11210,45,45,318,Latosha Kellman,718-258-6000,lkellman@milldev.org,2CF,Discretionary,NORC,Lkellman@milldev.org,Latosha Kellman,,45,Louis,40.63009552,-73.94475659
Louis,YES,cpinn@fortgreenecouncil.org,FY24 SC 270,Remsen Sarita Jean OAC,3304 Clarendon Road,Brooklyn,11210,45,45,Brooklyn CD17  ,Cameron Pinn,718-282-1259,cpinn@fortgreenecouncil.org,C3512,Main Site,OAC,cpinn@fortgreenecouncil.org,Cameron Pinn,,45,Louis,40.6434274,-73.94569684
Louis,YES,amathis@ymcanyc.org,FY24 SC 341,Young at Heart Senior Center at the Flatbush YMCA,1401 Flatbush Avenue,Brooklyn,11210,45,45,Brooklyn CD14   ,Areial Mathis ,646-771-3164 or 212-912-2260 ext 4402 ,amathis@ymcanyc.org,C9303,Main Site,OAC,amathis@ymcanyc.org,Areial Mathis ,,45,Louis,40.6365104,-73.95153937
Louis,NO,,FY24 SC 307,Zest for Life OAC  (Bishop Philius),2806 Newkirk Avenue,Brooklyn,11210,45,45,Brooklyn CD17  ,Chichana Benjamin,929-626-2020,cbenjamin@fortgreenecouncil.org,C3507,Main Site,OAC,,,,45,Louis,40.63987216,-73.95013528
Marte,NO,,FY24 SC 001,BRC Senior Center,30 Delancy Street,Manhattan,10002,1,1,Manhattan CD3,Kim Fong,212-533-2020,kfong@brc.org,C0901,Main Site,OAC,,,,1,Marte,40.71979129,-73.99226908
Marte,YES,nbrown@greenwichhouse.org,FY24 SC 002,Center on the Square,20 Washington Square North,Manhattan,10011,2,1,Manhattan CD2,Nicole Brown,212-777-3555,lmarceca@greenwichhouse.org; olderadults@greenwichhouse.org,W1501,Main Site,OAC,nbrown@greenwichhouse.org,Nicole Brown,,1,Marte,40.73178063,-73.9977052
Marte,NO,,FY24 SC 003,CHINATOWN NNORC,7 MOTT STREET ,Manhattan,10013,1,1,103,Hing Lin (Helen) Sit,212-619-3073 or 917-270-7979,hinglin.sit@vnsny.org,3NA,Discretionary,NORC,,,,1,Marte,40.71394521,-73.99871944
Marte,NO,,FY24 SC 004,Confucious Plaza NORC,185 Park Row ,Manhattan,10002,1,1,103,Colleen Kremer,212 -349- 3724,colleenkremer@hmhonline.org,N53-03,DFTA-Funded,NORC,,,,1,Marte,40.71321785,-73.99980521
Marte,NO,,FY24 SC 006,CPC NY Chinatown Neighborhood Senior Center,55 Chrystie Street,Manhattan,10002,1,1,Manhattan CD3,Mojing (Jenny) Tran,212-233-8930,jtran@cpc-nyc.org,C2103,Main Site,OAC,,,,1,Marte,40.71648674,-73.99471885
Marte,YES,png@cpc-nyc.org,FY24 SC 171,CPC Project Open Door Neighborhood Senior Center,168 Grand Street,Manhattan,10013,1,1,Manhattan CD2,Po Ling Ng,212-431-9026,png@cpc-nyc.org,C2104,Main Site,OAC,png@cpc-nyc.org,Po-ling Ng,,1,Marte,40.71968998,-73.99828643
Marte,NO,,FY24 SC 007,EDUCATIONAL ALLIANCE CO OP VILLAGE NORC,465 GRAND STREET,Manhattan,10002,1,1,103,Christine Dey ,646-395-4270,cdey@mannycantor.org,N66,DFTA-Funded,NORC,,,,1,Marte,40.71513259,-73.98403061
Marte,YES,xam@edalliance.org,FY24 SC 008,Educational Alliance Weinberg Older Adult Center,197 East Broadway,Manhattan,10002,1,1,Manhattan CD3,Xiomara Maldonado,646-395-4270,xmaldonado@edalliance.org; wcbl@mannycantor.org;  info@MannyCantor.org,C8102,Main Site,OAC,xam@edalliance.org,Xiomara A. Maldonado ,,1,Marte,40.71421086,-73.98830178
Marte,NO,,FY24 SC 009,HAMILTON MADISON ALFRED SMITH HOUSES NORC,50 MADISON STREET,Manhattan,10038,1,1,103,Mariely Cerda,212-788-5580,marielycerda@hmhonline.org,N53-01,DFTA-Funded- NYCHA,NORC,,,,1,Marte,40.71195799,-73.99782492
Marte,YES,MarynaLysenko@hmhonline.org,FY24 SC 010,HAMILTON MADISON KNICKERBOCKER NORC,36 MONROE STREET G1,Manhattan,10002,1,1,103,Maryna Lysenko,212-349-0616,MarynaLysenko@hmhonline.org,N53-02,DFTA-Funded,NORC,MarynaLysenko@hmhonline.org,Maryna Lysenko,,1,Marte,40.71153794,-73.99476974
Marte,YES,joanne@hmhonline.org,FY24 SC 011,HMH City Hall Older Adult Center,100 Gold Street,Manhattan,10038,1,1,Manhattan CD1,Joanne Chu,212-788-5580/5557,Joanne@hmhonline.org,C3801,Main Site,OAC,joanne@hmhonline.org,Joanne Chu,,1,Marte,40.71035225,-74.00400739
Marte,YES,jmayock@greenwichhouse.org,FY24 SC 012,Independence Plaza,310 Greenwich Street,Manhattan,10013,1,1,Manhattan CD1,Joseph Mayock,212-267-0499,Jmayock@greenwichhouse.org,W1503,Main Site,OAC,jmayock@greenwichhouse.org,Joseph Mayock,,1,Marte,40.71760349,-74.0106671
Marte,NO,,FY24 SC 013,NYFSC LaGuardia Older Adult Center,280 Cherry Street,Manhattan,10002,1,1,Manhattan CD3,Jaymi Tran,212-732-3656,laguardiaseniorcenter2@gmail.com,C5102,Main Site,OAC,,,,1,Marte,40.71137554,-73.98846099
Marte,NO,,FY24 SC 014,NYFSC Mott Street Older Adult Center,180 Mott Street,Manhattan,10012,1,1,Manhattan CD2,Suzanne Yuen,212-966-5460,syuennyfsc@hotmail.com,C5103,Main Site,OAC,,,,1,Marte,40.72055727,-73.99587295
Marte,YES,dsadykov@ujces.org,FY24 SC 015,UJCES Lunch Club OAC,15 Willett Street,Manhattan,10002,1,1,Manhattan CD3,Dina Sadykov,212-673-9328,dsadykov@ujces.org,C8502,Main Site,OAC,dsadykov@ujces.org,Dina Sadykov,,1,Marte,40.71565943,-73.98297715
Marte,YES,rsalazar@universitysettlement.org,FY24 SC 016,University Settlement OAC,189 Allen Street,Manhattan,10002,1,1,Manhattan CD3,Bing Ji,212-453-4549,bji@universitysettlement.org,C8701,Main Site,OAC,rsalazar@universitysettlement.org,Rosemarie Salazar (Assistant Director),,1,Marte,40.7221323,-73.9889642
Marte,YES,bji@universitysettlement.org,FY24 SC 017,Village View NORC ,189 ALLEN STREET,Manhattan,10002,1,1,103,Bing Ji ,212-453-0287,bji@universitysettlement.org,N72,DFTA-Funded,NORC,bji@universitysettlement.org,Bing Ji,,1,Marte,40.7221323,-73.9889642
Marte,YES,pia@visionurbana.org,FY24 SC 018,Vision Urbana NORC ,75 Delancey Street,Manhattan,10002,1,1,103,Maria Scarfo,646-626-9748,pia@visionurbana.org,N73,DFTA-Funded,NORC,pia@visionurbana.org,Maria Pia Scarfo,,1,Marte,40.71910493,-73.99006498
Mealy,YES,Nmedrano@riseboro.org,FY24 SC 297,Brevoort Senior Club,280 Ralph Avenue,Brooklyn,11233,41,41,Brooklyn CD3,Ninoska Medrano,347-318-3383,nmedrano@riseboro.org,W2002,Affiliated,OAC,Nmedrano@riseboro.org,Ninoska Medrano,,41,Mealy,40.67979319,-73.92215307
Mealy,YES,Mbruce@fortgreenecouncil.org,FY24 SC 312,Christopher Blenman OAC,720 East New York Avenue,Brooklyn,11203,40,41,Brooklyn CD9   ,Merlyn Bruce,718-773-7400,mbruce@fortgreenecouncil.org,C3505,Main Site,OAC,Mbruce@fortgreenecouncil.org,Merlyn Bruce,,41,Mealy,40.66228889,-73.93891601
Mealy,YES,wharvey@fortgreenecouncil.org,FY24 SC 337,Hugh Gilroy OAC,447 Kingsborough ,Brooklyn,11233,48,41,Brooklyn CD8,Wendy Harvey,718-756-8400,wharvey@fortgreenecouncil.org,C3511,Main Site,OAC,wharvey@fortgreenecouncil.org,WENDY HARVEY,,41,Mealy,40.57592228,-73.93577681
Mealy,YES,Jdupree@fortgreenecouncil.org,FY24 SC 299,Marcus Garvey ,1440 East New York Avenue,Brooklyn,11212,41,41,Brooklyn CD16  ,Joseph Dupree   ,(929)234-5850 ,jdupree@fortgreenecouncil.org,C3502,Affiliated,OAC,Jdupree@fortgreenecouncil.org,Joseph Dupree,,41,Mealy,40.6706532,-73.9145755
Mealy,YES,cjonestaylor@riseboro.org,FY24 SC 300,Saratoga Sq Senior,930 Halsey Street,Brooklyn,11233,41,41,Brooklyn CD16,Chanteze Jones-Taylor,347-425-0676,rortiz@riseboro.org,W2008,Affiliated,OAC,cjonestaylor@riseboro.org,Chanteze Jones-Taylor,,41,Mealy,40.68557829,-73.91697578
Mealy,YES,jdupree@fortgreenecouncil.org,FY24 SC 301,Seth Low Social Clubs ,137 Belmont Avenue,Brooklyn,11212,41,41,Brooklyn CD16  ,David Lyons,347-240-4878 ,ljames@fortgreenecouncil.org,C3503,Affiliated,OAC,jdupree@fortgreenecouncil.org,Joseph Dupree,FY24 SC 301,41,Mealy,40.66920482,-73.90517246
Mealy,YES,SHERZ@GMAIL.COM,FY24 SC 302,Shalom,483 Albany Avenue,Brooklyn,11203,40,41,Brooklyn CD9,Shimon Herz,718 774-9213,sherz@chjcc.org,C9801,Main Site,OAC,SHERZ@GMAIL.COM,SHIMON HERZ,,41,Mealy,40.66338736,-73.93997471
Mealy,YES,wmoore@wordnyc.org,FY24 SC 303,Wayside Out Brownsville Social Club,528 Mother Gaston Blvd,Brooklyn,11212,41,41,Brooklyn CD16  ,Wanda Moore,917-962-8275,info@wordnyc.org,C9002,Affiliated,OAC,wmoore@wordnyc.org,Wanda Moore,,41,Mealy,40.66595562,-73.90592323
Mealy,YES,ejones@wordnyc.org,FY24 SC 304,Wayside Out Langston Hughes Social Club,301 Sutter Avenue,Brooklyn,11212,41,41,Brooklyn CD16  ,Erica jones,917-962-8277,ejones@fortgreenecouncil.org,C9004,Affiliated,OAC,ejones@wordnyc.org,Erica Jones,,41,Mealy,40.66731133,-73.90907182
Mealy,YES,wburris@wordnyc.org,FY24 SC 305,Wayside Out Tilden Senior Center,630 Mother Gaston Boulevard,Brooklyn,11212,41,41,Brooklyn CD16  ,Wanda Burris,718-498-2990,wburris@wordnyc.org,C9003,Main Site,OAC,wburris@wordnyc.org,WANDA JEAN BURRIS,,41,Mealy,40.66347106,-73.90527793
Mealy,YES,lsmith@wordnyc.org,FY24 SC 276,Wayside Out Van Dyke II Senior Center,430 Dumont Avenue,Brooklyn,11212,41,41,Brooklyn CD16  ,Loretta Smith,718-385-1110,lsmith@wordnyc.org,C9007,Main Site,OAC,lsmith@wordnyc.org,Loretta Smith,,41,Mealy,40.6649818,-73.90330769
Menin,YES,zeisels@carterburdennetwork.org,FY24 SC 069,Carter Burden Luncheon Club ,351 East 74th Street,Manhattan,10021,5,5,Manhattan CD8 ,Sharon Zeisel,646 937-3520,zeisels@carterburdennetwork.org ,C1601,Main Site,OAC,zeisels@carterburdennetwork.org,Sharon Zeisel,,5,Menin,40.76961965,-73.95619717
Menin,YES,FERNANDEZL@CARTERBURDENNETWORK.ORG,FY24 SC 045,CBN Roosevelt Island Senior Center,546 Main Street,Manhattan,10044,5,5,Manhattan CD8 ,Lisa Fernandez,212-980-1888,fernandezl@carterburdennetwork.org; santanay@carterburdennetwork.org; revelon@carterburdennetwork.org ,C1605,Main Site,OAC,FERNANDEZL@CARTERBURDENNETWORK.ORG,LISA FERNANDEZ,,5,Menin,40.76183841,-73.94973353
Menin,YES,swoodson@lenoxhill.org ,FY24 SC 046,Center @ Lenox Hill (ISC),343 East 70th Street,Manhattan,10021,5,5,Manhattan CD8,Sara Woodson,212-218-1319,swoodson@lenoxhill.org; czhong@lenoxhill.org;  lwen@lenoxhill.org;  lwilliams@lenoxhill.org ,W1801,Main Site,OAC,swoodson@lenoxhill.org ,Sara Woodson,,5,Menin,40.76668597,-73.95739042
Menin,YES,Jmarens@isaacscenter.org,FY24 SC 047,Stanley Isaacs NSC/Holmes Older Adult Center,415 East 93rd Street,Manhattan,10128,8,5,Manhattan CD8 ,Jemma Marens,347-475-5321,jmarens@isaacscenter.org,C7601,Main Site,OAC,Jmarens@isaacscenter.org,Jemma Marens,,5,Menin,40.78090401,-73.94511171
Menin,YES,Jmarens@isaacscenter.org,FY24 SC 048,STANLEY M ISAACS NORC,415 E. 93RD STREET,Manhattan,10128,8,5,108,Jemma Marens,212-360-7620 or 347-475-5321,jmarens@isaacscenter.org,N65,DFTA-Funded- NYCHA,NORC,Jmarens@isaacscenter.org,Jemma Marens,,5,Menin,40.78090401,-73.94511171
Moya,YES,RodriguezA@raices.us,FY24 SC 184,Corona OAC,107-24 Corona Avenue,Queens,11368,21,21,Queens CD4,Alexandra Rodriguez,718 458 7259,rodrigueza@raices.us,C7203,Main Site,OAC,RodriguezA@raices.us,Alexandra Rodriguez-Canizare,,21,Moya,40.74355034,-73.8557053
Moya,YES,dbarnes@fesscenter.org,FY24 SC 176,Florence E Smith OAC,102-19 34th Avenue,Queens,11368,21,21,Queens CD3,Deborah Barnes,718 899-0553,dbarnes@fesscenter.org,C2501,Main Site,OAC,dbarnes@fesscenter.org,Deborah Barnes,,21,Moya,40.75574122,-73.86598755
Moya,YES,l.hooks@elmcor.org,FY24 SC 177,Golden Phoenix 1 (ELMCOR NSC),98-19 Astoria Boulevard,Queens,11369,21,21,Queens CD3,Larinda Hooks,718-451-6904,L.Hooks@Elmcor.org,W1301,Main Site,OAC,l.hooks@elmcor.org,Larinda Hooks,,21,Moya,40.76229601,-73.87108949
Moya,YES,l.hooks@elmcor.org,FY24 SC 178,Golden Phoenix 2 (Elmcor Lefrak NSC),95-18 Northern Boulevard,Queens,11372,21,21,Queens CD3,Larinda Hooks,718-451-6904,L.Hooks@Elmcor.org,W1302,Main Site,OAC,l.hooks@elmcor.org,Larinda Hooks,,21,Moya,40.75686612,-73.87286145
Moya,YES,l.hooks@elmcor.org,FY24 SC 179,Golden Phoenix 3 ,96-05 Horace Harding Expressway,Queens,11368,21,21,Queens 21,Larinda Hooks,718-651-0096 ext 211,L.Hooks@Elmcor.org,45D,Main Site,OAC,l.hooks@elmcor.org,Larinda Hooks,,21,Moya,40.73438233,-73.86430934
Moya,YES,l.hooks@elmcor.org,FY24 SC 180,Golden Phoenix 4 (Lefrak new site),33-16 108th street,Queens,11368,21,21,Queens CD1, Larinda Hooks,718-451-6904, l.hooks@elmcor.org,CC101,Main Site,OAC,l.hooks@elmcor.org,Larinda Hooks,,21,Moya,40.75742875,-73.86093798
Moya,NO,,FY24 SC 181,Korean Community Services Corona OAC,37-06 111th Street,Queens,11368,21,21,Queens CD3,Helen Ahn,718-651-9220,kahn@kcsny.org,C4901,Main Site,OAC,,,,21,Moya,40.75394116,-73.8572637
Narcisse,YES,twong@milldev.org,FY24 SC 342,Bergen Basin Marine Park Older Adult Center,3000 Fillmore Avenue,Brooklyn,11234,46,46,Brooklyn CD18   ,Tiffany Wong,718-336-0275,twong@bergenbeachyouth.org,C0803,Main Site,OAC,twong@milldev.org,Tiffany Wong,,46,Narcisse,40.60859182,-73.93746691
Narcisse,YES,lmason@milldev.org,FY24 SC 343,Bergen Basin Midwood Older Adult Center,2164 Ralph Avenue,Brooklyn,11234,46,46,Brooklyn CD18   ,Lauren Mason,718-253-5557,lmason@milldev.org,C0804,Main Site,OAC,lmason@milldev.org,Lauren Mason,,46,Narcisse,40.62506471,-73.917858
Narcisse,YES,dweinstein@milldev.org,FY24 SC 344,Bergen Basin Mill Basin Older Adult Center,2075 East Street 68th Street,Brooklyn,11234,,46,Brooklyn CD18   ,Donna Rae Weinstein,718-444-3850,dweinstein@milldev.org,C0805,Main Site,OAC,dweinstein@milldev.org,DonnaRae Weinstein ,,46,Narcisse,,
Narcisse,YES,eileenyu@homecrest.org,FY24 SC 345,CCNS NORC (Sheepshead Bay),3677 NOSTRAND AVENUE,Brooklyn,11229,46,46,315,Marina Ackerman,718-769-3579,marina.ackerman@ccbq.org,4BM,Discretionary-NYCHA,NORC,eileenyu@homecrest.org,Eileen Yu,,46,Narcisse,40.59420255,-73.94067424
Narcisse,YES,LEE.RETKINSKI@CCBQ.ORG,FY24 SC 221,CCNS The Bay OAC,3643 Nostrand Avenue,Brooklyn,11229,46,46,Brooklyn CD15 ,Lee Retkinski ,718-648-2053,lretkinski@ccbq.org,C1706,Main Site,OAC,LEE.RETKINSKI@CCBQ.ORG,SHARON RETKINSKI,,46,Narcisse,40.59496568,-73.94082479
Narcisse,YES,omedytska@jasa.org,FY24 SC 314,JASA HES Older Adult Center,9502 Seaview Avenue,Brooklyn,11236,46,46,Brooklyn CD18   ,Sue Ann Partnow,718-251-3700,spartnow@jasa.org,C8301,Main Site,OAC,omedytska@jasa.org,Olha Medytslka,,46,Narcisse,40.63280761,-73.89122
Nurse,YES,CYPRESSSRCTR@AOL.COM,FY24 SC 277,Cypress Hills Fulton Street Senior Citizens Ctr ,3208 Fulton Street,Brooklyn,11208,37,37,Brooklyn CD5,Maria Alicea,718-235-0064/0070,cypressmaria@aol.com,C2801,Main Site,OAC,CYPRESSSRCTR@AOL.COM,MICHAEL ZAMBRANO,FY24 SC 277,37,Nurse,40.68233637,-73.87677129
Nurse,YES,uramirez@riseboro.org,FY24 SC 278,Riseboro Hope Gardens MultiService,195 Linden Street,Brooklyn,11221,37,37,Brooklyn CD4,Urantia Ramirez,718-455-1100,Uramirez@riseboro.org,W2004,Main Site,OAC,uramirez@riseboro.org,Urantia Ramirez,,37,Nurse,40.69536926,-73.91748649
Nurse,YES,emarindeavila@riseboro.org,FY24 SC 279,Riseboro Ridgewood Bushwick,319 Stanhope Street,Brooklyn,11237,37,37,Brooklyn CD4,Erica Marin de Avila  ,718 366-3038,emarindeavila@riseboro.org  ,W2006,Main Site,OAC,emarindeavila@riseboro.org,Erica Marin,,37,Nurse,40.70284936,-73.9183356
Nurse,YES,amccain@wordnyc.org,FY24 SC 280,Wayside Out  Glenmore Plaza Social Club,1777 Pitkin Avenue,Brooklyn,11212,37,37,Brooklyn CD16  ,Alexis McCain,917-962-8276,amccain@wordnyc.org,C9008,Affiliated,OAC,amccain@wordnyc.org,Alexis McCain,,37,Nurse,40.67016744,-73.9075611
Osse,YES,nlazarus@fortgreenecouncil.org,FY24 SC 267,Albany OAC,196 Albany Avenue,Brooklyn,11213,36,36,Brooklyn CD8,Carmel Taylor- Flowers-Director,718-773-2600,nlazarus@fortgreenecouncil.org,C3506,Main Site,OAC,nlazarus@fortgreenecouncil.org,Nolan Lazarus,,36,Osse,40.67388011,-73.93897388
Osse,YES,iesha.mayers@ccbq.org,FY24 SC 242,CCNS New Age OAC,54 MacDonough Street,Brooklyn,11216,36,36,Brooklyn CD3   ,Jalience Mayers,718-771-7945,ron.carson@ccbq.org;  info@ccbq.org,C1713,Main Site,OAC,iesha.mayers@ccbq.org,Iesha Mayers,,36,Osse,40.68092869,-73.94438278
Osse,NO,,FY24 SC 269,DBA Brooklyn Neighborhood Services NORC (DC36 NORC),"506 MacDonough Street, Nazarene Community Center",Brooklyn,11233,,36,303,Andrea Green or Richard Trouth,718-919-2100,rtrouth@bnscdc.org,2CD,Discretionary,NORC,,,,36,Osse,,
Osse,YES,ljames@fortgreenecouncil.org,FY24 SC 298,Grant Sq OAC,19 Rogers Avenue,Brooklyn,11216,36,36,Brooklyn CD8,Lois James,718-363-3133,ljames@fortgreenecouncil.org,C3508,Main Site,OAC,ljames@fortgreenecouncil.org,Lois James,,36,Osse,40.67690856,-73.95266728
Osse,YES,BBrutus@fortgreenecouncil.org,FY24 SC 339,Maria Lawton OAC,400 Hart Street,Brooklyn,11206,36,36,Brooklyn CD3   ,Barbara Brutus,718-452-7474,bbrutus@fortgreenecouncil.org,C3509,Main Site,OAC,BBrutus@fortgreenecouncil.org,Barbara Brutus,,36,Osse,40.69478741,-73.93464537
Osse,YES,demery@riseboro.org,FY24 SC 271,Stuyvesant Gardens Senior Club,150 Malcolm X Boulevard,Brooklyn,11221,36,36,Brooklyn CD3,Denise Emery,347-318-3313,demery@riseboro.org,W2009,Affiliated,OAC,demery@riseboro.org,Denise Emery,,36,Osse,40.68833456,-73.93014442
Osse,NO,,FY24 SC 272,Stuyvesant Heights OAC,562-74 Madison Street,Brooklyn,11221,36,36,Brooklyn CD3   ,Nolan Lazarus- Director,718-230-0824,nlazarus@fortgreenecouncil.org,C3510,Main Site,OAC,,,,36,Osse,40.68647113,-73.93529534
Osse,YES,ccain@riseboro.org,FY24 SC 273,Sumner Senior Club,862 Park Avenue,Brooklyn,11206,36,36,Brooklyn CD3,Corey MCain,718-290-1829,ccain@riseboro.org; Htassy@riseboro.org; Mlowe@riseboro.org,W2010,Affiliated,OAC,ccain@riseboro.org,Corey Cain,,36,Osse,40.69858124,-73.94073643
Osse,NO,,FY24 SC 275,Wayside Out Tompkins Louis Armstrong Center,360 Nostrand Avenue,Brooklyn,11216,36,36,Brooklyn CD3   ,Khaliek McArthur ,718 638-3000,kmcarthur@wordnyc.org  ,C9006,Affiliated,OAC,,,,36,Osse,40.6873023,-73.9509652
Osse,YES,kmcarthur@wordnyc.org,FY24 SC 306,Wayside Out Tompkins Park Senior Center ,550 Greene Avenue,Brooklyn,11216,36,36,Brooklyn CD3   ,Khaliek McArthur,718-638-3000,kmcarthur@wordnyc.org,C9005,Main Site,OAC,kmcarthur@wordnyc.org,Khaliek T. McArthur,,36,Osse,40.6886655,-73.94877545
Paladino,YES,micuevas@hanac.org,FY24 SC 206,HANAC Angelo Petromelis Older Adult Center,13-28 123rd Street,Queens,11356,19,19,Queens CD7,Carla Mercado,718-961-0344,cmercado@hanac.org,C3901,Main Site,OAC,micuevas@hanac.org,Marcela Cuevas,,19,Paladino,40.78617849,-73.84477232
Paladino,YES,kahn@kcsny.org,FY24 SC 167,Korean Community Services Flushing + Satellite MN9,42-15 166th Street,Queens,11358,19,19,Queens CD7,Helen Ahn,718-886-8203,kahn@kcsny.org,C4902,Main Site,OAC,kahn@kcsny.org,Helen Ahn,,19,Paladino,40.75938998,-73.80033467
Paladino,YES,elev@commonpointqueens.org,FY24 SC 168,Samuel Field Y Bay Terrace Older Adult Center,212-00 23rd Avenue,Queens,11360,19,19,Queens CD7,Elise J. Lev,718-423-6111 ext 223. ,elev@commonpointqueens.org,C6502,Main Site,OAC,elev@commonpointqueens.org,Elise J. Lev,,19,Paladino,40.78144728,-73.7781086
Paladino,YES,jchampion@commonpointqueens.org,FY24 SC 169,SAMUEL FIELD Y CLEARVIEW GARDENS NORC,163-59 17TH AVENUE,Queens ,11357,19,19,407,Jaimeson Champion,718-352-4157,jchampion@commonpointqueens.org,N61-01,DFTA-Funded,NORC,jchampion@commonpointqueens.org,Jaimeson Champion,,19,Paladino,40.78297597,-73.79898205
Paladino,YES,ebrennan@selfhelp.net,FY24 SC 170,Selfhelp Clearview,208-11 26th Avenue,Queens,11360,19,19,Queens CD7,Erin Brennan,718-224-7888,ebrennan@selfhelp.net,W2103,Main Site,OAC,ebrennan@selfhelp.net,Erin Brennan,,19,Paladino,40.77638031,-73.78379773
Powers,YES,cthompson@projectfind.org ,FY24 SC 050,FIND Aid Woodstock OAC,127 West 43rd Street ,Manhattan,10036,4,4,Manhattan CD5,Chenal Thompson,212-575-0693 ext. 400,cthompson@projectfind.org,C3304,Main Site,OAC,cthompson@projectfind.org ,Chenal Thompson,FY24 SC 050,4,Powers,40.75587302,-73.98445398
Powers,YES,swoodson@lenoxhill.org,FY24 SC 043,Senior Center @ St Peter's Church,619 Lexington Avenue,Manhattan,10022,4,4,Manhattan CD6,Sara Woodson,646-306-4492,swoodson@lenoxhill.org; czhong@lenoxhill.org;  lwen@lenoxhill.org;  lwilliams@lenoxhill.org ,W1802,Main Site,OAC,swoodson@lenoxhill.org,Sara Woodson,,4,Powers,40.75869744,-73.97074395
Restler,YES,mrodriguez@milldev.org,FY24 SC 308,Bergen Basin Independence Older Adult Center,114 Taylor Street,Brooklyn,11249,34,33,Brooklyn CD1,Maria Rodriquez,718-388-9242,mrodriguez@milldev.org,C0802,Main Site,OAC,mrodriguez@milldev.org,Maria Rodriguez,,33,Restler,40.70550758,-73.96370167
Restler,YES,Marta.Kustek@ccbq.org,FY24 SC 189,CCNS Northside OAC,179 North 6th Street,Brooklyn,11211,34,33,Brooklyn CD1,Marta Kustek,718-387-2316,marta.kustek@ccbq.org,C1710,Main Site,OAC,Marta.Kustek@ccbq.org,Marta Kustek,,33,Restler,40.71668482,-73.95733942
Restler,YES,Agata.Skowronska@ccbq.org,FY24 SC 183,CCNS Pete McGuinness OAC,715 Leonard Street,Brooklyn,11222,33,33,Brooklyn CD1,Samira Alieva; Agata Skowronska,929-884-6560 ,Samira.alieva@ccbq.org; Agata.Skowronska@ccbq.org,C1711,Main Site,OAC,Agata.Skowronska@ccbq.org,Agata Skowronska,,33,Restler,40.72900699,-73.95276017
Restler,NO,,FY24 SC 311,CCNS St Charles Jubilee OAC,55 Pierrepont Street,Brooklyn,11201,33,33,Brooklyn CD2   ,Claire Seide,718-855-0326,Claire.Seide@ccbq.org,C1719,Main Site,OAC,,,,33,Restler,40.695783,-73.99511717
Restler,NO,,FY24 SC 250,Congregation Yetev Lev --Williamsburg Satmar,125 Heyward Street,Brooklyn,11206,33,33,Brooklyn CD1,Esther Fishman,718-625-1608,,C2301,Main Site,OAC,,,,33,Restler,40.701676,-73.95615526
Restler,YES,krakuspsc@polishslaviccenter.org,FY24 SC 251,Polish & Slavic Ctr Krakus OAC ,176 Java Street,Brooklyn,11222,33,33,Brooklyn CD1,Arthur Pustula,718-383-5290 ext3,dorotapsc176@yahoo.com,C5501,Main Site,OAC,krakuspsc@polishslaviccenter.org,Artur Pustula,,33,Restler,40.7316917,-73.95357732
Restler,YES,lworthey@raices.us,FY24 SC 291,RAICES  Gowanus OAC Satellite,420 Baltic Street,Brooklyn,11217,39,33,Brooklyn CD6   ,Ladanza Worthey,718-797-2472,lworthey@raices.us,C7208,Affiliated,OAC,lworthey@raices.us,LaDanza Worthey,,33,Restler,40.68364519,-73.98878308
Restler,YES,mpena@raices.us,FY24 SC 286,Times Plaza Center OAC ,460 Atlantic Avenue ,Brooklyn,11217,33,33,Brooklyn CD2   ,Meris Pena,718-694-0895,mpena@raices.us,C7205,Main Site,OAC,mpena@raices.us,Meris Pena,,33,Restler,40.68629596,-73.98322263
Restler,YES,bramirez@raices.us,FY24 SC 182,Wyckoff Gardens NSC,280 Wyckoff Street,Brooklyn,11217,39,33,Brooklyn CD6   ,Blanca Morocho Ramirez,718 237-1802,bramirez@raices.us,C7202,Main Site,OAC,bramirez@raices.us,Blanca Morocho-Ramirez,,33,Restler,40.68336465,-73.98394087
Riley,YES,amoncrieffe@jasa.org,FY24 SC 115,JASA Bartow (Coop City NSC),2049 Bartow Avenue,Bronx,10475,12,12,Bronx CD10,Ann Moncrieffe,718 320-2066,amoncrieffe@jasa.org,W2201,Main Site,OAC,amoncrieffe@jasa.org,Ann Moncrieffe,,12,Riley,40.86942002,-73.8290271
Riley,YES,mparchment@jasa.org,FY24 SC 116,JASA Bay Eden Older Adult Center,1220 East 229th Street,Bronx,10466,12,12,Bronx CD12,Michelle Parchment,718-882-3815,mparchment@jasa.org,C8302,Main Site,OAC,mparchment@jasa.org,Michelle Parchment,,12,Riley,40.88401038,-73.84220405
Riley,YES,mfabian@jasa.org,FY24 SC 117,JASA CO OP CITY NORC,2049 BARTOW AVENUE,Bronx,10475,12,12,210,Merianne Fabian,718-320-2066,mfabian@jasa.org,N68-01,DFTA-Funded,NORC,mfabian@jasa.org,Merianne Fabian,,12,Riley,40.86942002,-73.8290271
Riley,YES,ykouamenan@jasa.org,FY24 SC 118,JASA Dreiser,177 Dreiser Loop,Bronx,10475,12,12,Bronx CD10,Yvette Kouamenan,718-320-1345,ykouamenan@jasa.org,W2202,Main Site,OAC,ykouamenan@jasa.org,Yvette Kouamenan,,12,Riley,40.87708684,-73.8296185
Riley,YES,mhammett@jasa.org,FY24 SC 119,JASA Einstein ,135 Einstein Loop,Bronx,10475,12,12,Bronx CD10,Michelle Hammett,718-671-5161,mhammett@jasa.org,W2203,Main Site,OAC,mhammett@jasa.org,Michelle Hammett,,12,Riley,40.86426312,-73.82202293
Riley,YES,Sylvia.johnson@raininc.org,FY24 SC 120,RAIN Boston East OAC,3450 Boston Road,Bronx,10469,12,12,Bronx CD12,Sylvia Johnson,"718-654-9200, Ext: 380",sylvia.johnson@raininc.org,C5801,Main Site,OAC,Sylvia.johnson@raininc.org,Sylvia Johnson ,,12,Riley,40.87631454,-73.8485612
Riley,YES,denise.abney@raininc.org,FY24 SC 121,RAIN Boston Secor OAC,3540 Bivona Street,Bronx,10475,12,12,Bronx CD12,Denise Abney,718-671-8550 Ext: 343,denise.abney@raininc.org,C5803,Main Site,OAC,denise.abney@raininc.org,Denise Abney,,12,Riley,40.88302614,-73.8332269
Riley,YES,sophia.reid@raininc.org,FY24 SC 122,RAIN Eastchester Latin Soul Café OAC,1246 Burke Avenue,Bronx,10469,12,12,Bronx CD11,Sophia Reid,718-882-8513,sophia.reid@raininc.org,C5804,Main Site,OAC,sophia.reid@raininc.org,Sophia Reid,,12,Riley,40.87114403,-73.85104614
Riley,YES,evelyn.cintron@raininc.org,FY24 SC 103,RAIN Gunhill OAC,3377 White Plains Road,Bronx,10462,12,12,Bronx CD12,Evelyn Cintron,"718-881-5589, Ext: 290",evelyn.cintron@raininc.org,C5805,Main Site,OAC,evelyn.cintron@raininc.org,Evelyn Cintron,,12,Riley,40.87487167,-73.86706003
Rivera,NO,,FY24 SC 019,BEST NORC (Baruch Houses Addition),72 COLUMBIA STREET,Manhattan,10002,2,2,103,Keh Yueh Chen (Carrie),646-439-3187,kchen@grandsettlement.org,3CP,Discretionary-NYCHA,NORC,,,,2,Rivera,40.71700668,-73.98026767
Rivera,NO,,FY24 SC 020,COOPER SQUARE NNORC,61 EAST 4TH. STREET,Manhattan,10003,2,2,103,Carmen Perez,(212)228-8210,carmenp@coopersquare.org,3P8,Discretionary,NORC,,,,2,Rivera,40.72675463,-73.99073491
Rivera,YES,szhang@edalliance.org,FY24 SC 021,Educational Alliance Sirovich Older Adult Center ,331 East 12th Street,Manhattan,10002,2,2,Manhattan CD3,ShaoMei Zhang,646-395-4529,SZhang@edalliance.org,C8101,Main Site,OAC,szhang@edalliance.org,Shao Mei Zhang,,2,Rivera,40.73065708,-73.98504077
Rivera,NO,,FY24 SC 022,Good Companions,334 Madison Street,Manhattan,10002,1,2,Manhattan CD3,Jasmine Cortado,212-349-2770 ext. 1205,Jcorchado@henrystreet.org  ,C4102,Main Site,OAC,,,,2,Rivera,40.71326604,-73.98323748
Rivera,YES,idelanuez@grandsettlement.org,FY24 SC 023,Grand St Settlement Grand Coalition of Older Adults OAC,80 Pitt Street,Manhattan,10002,2,2,Manhattan CD3,Ines De La Nuez,646-201-4251,idelanuez@grandsettlement.org,C3701,Main Site,OAC,idelanuez@grandsettlement.org,Ines De La Nuez,,2,Rivera,40.71832726,-73.98244979
Rivera,NO,,FY24 SC 024,HENRY STREET VLADECK CARES NORC,351 MADISON STREET,Manhattan,10002,1,2,103,Betsy Smith,212-477-0455,bsmith@henrystreet.org,N55,DFTA-Funded- NYCHA,NORC,,,,2,Rivera,40.71334008,-73.98277214
Rivera,YES,ecastro@ujces.org,FY24 SC 025,MASARYK TOWERS NORC ,75 Columbia St. ,Manhattan,10002,2,2,103,Elaine Castro,212-301-8995 ext. 190,ecastro@ujces.org,N71,DFTA-Funded,NORC,ecastro@ujces.org,Elaine Castro,,2,Rivera,40.71756656,-73.97998613
Rivera,NO,,FY24 SC 026,Meltzer Social Club,94 East 1st Street,Manhattan,10009,2,2,Manhattan CD3,Rosemarie Salazar ,212-253-5624,rsalazar@universitysettlement.org,C8702,Affiliated,OAC,,,,2,Rivera,40.72282657,-73.98740196
Rivera,YES,alondra.denis@phippsny.org,FY24 SC 027,PHIPPS PLAZA WEST NORC,520 2ND AVENUE,Manhattan,10016,4,2,106,Alondra Perez,212 683-6583,Alondra.Perez@phippsny.org; Rosemary Ordonez-Jenkins rordonez@phippsny.org,N37,Discretionary,NORC,alondra.denis@phippsny.org,Alondra Denis ,,2,Rivera,40.74154717,-73.9782251
Rivera,YES,jp2@polishslaviccenter.org,FY24 SC 028,Polish Slavic Ctr JP II Older Adult Center,103 East 7th Street,Manhattan,10009,2,2,Manhattan CD3,Jakub Polaczyk,212-673-7704,jp2@polishslaviccenter.org,C5503,Main Site,OAC,jp2@polishslaviccenter.org,Jakub Polaczyk,,2,Rivera,40.72668267,-73.98501641
Rivera,NO,,FY24 SC 029,"Stein Senior Center, Inc",204 East 23rd Street,Manhattan,10010,2,2,Manhattan CD6 ,Roberto Santos,646-395-8083 ext. 101,Rsantos@steinseniorcenter.org,C7801,Main Site,OAC,,,,2,Rivera,40.73865497,-73.98275477
Rivera,YES,avilar@ujces.org,FY24 SC 030,UJCES Lillian Wald OAC Center,12 Avenue D,Manhattan,10009,2,2,Manhattan CD3,Alejandro Villar,212-260-2731,avilar@ujces.org,C8501,Main Site,OAC,avilar@ujces.org,Alejandro Vilar,,2,Rivera,40.72046199,-73.97836907
Salamanca,YES,Agomez@eastsidehouse.org,FY24 SC 150,East Side House Melrose  Older Adult Center,372 East 152 Street,Bronx,10455,17,17,Bronx CD1,Alicia Gomez,718-665-2280,agomez@eastsidehouse.org,C3102,Main Site,OAC,Agomez@eastsidehouse.org,Alicia Gomez ,,17,Salamanca,40.81851533,-73.91792993
Salamanca,YES,Cfrancis@nshopp.org,FY24 SC 151,NEIGHBORHOOD SHOPP NORC -LAFAYETTE ESTATES,953 SOUTHERN BLVD                    ,Bronx,10459,17,17,202,Chrispin Francis,718-542-0006, Cfrancis@nshopp.org,N69,DFTA-Funded,NORC,Cfrancis@nshopp.org,Chrispin Francis,,17,Salamanca,40.82147992,-73.89168839
Salamanca,YES,aliranzo@pssusa.org,FY24 SC 152,PSS Andrew Jackson,325 East 156th Street ,Bronx,10451,17,17,Bronx CD1,Anabelle Liranzo,718-585-1640,aliranzo@pssusa.org ,W1903,Main Site,OAC,aliranzo@pssusa.org,Anabelle Liranzo,,17,Salamanca,40.82143851,-73.91799497
Salamanca,NO,,FY24 SC 153,PSS Davidson ,950 Union Avenue,Bronx,10459,17,17,Bronx CD3,Randy Leyba,718-328-2811,rleyba@pssusa.org ,W1902,Main Site,OAC,,,,17,Salamanca,40.82281195,-73.901821
Salamanca,NO,,FY24 SC 154,SAGE Center Bronx at Crotona Pride House,1784 Prospect Avenue,Bronx,10457,15,17,Bronx CD5,Jose Collazo,(929)458-2150,jcollazo@sageusa.org,C6901,Main Site,OAC,,,,17,Salamanca,40.84121196,-73.89198876
Salamanca,YES,msmith@sebcoidevelopment.org,FY24 SC 155,SEBCO Senior Center,887 Southern Boulevard,Bronx,10459,17,17,Bronx CD2 ,Marion Smith,718-617-3465,msmith@sebcodevelopment.org,C6701,Main Site,OAC,msmith@sebcoidevelopment.org,Marion Smith,,17,Salamanca,40.8189126,-73.8935496
Salamanca,YES,sarroyo@nshopp.org,FY24 SC 156,SHOPP Casa Boricua (OAC),910 E 172nd Street ,Bronx,10460,17,17,Bronx CD3,Sandra Arroyo, 917-915-4016,sarroyo@nshopp.org ,W2301,Main Site,OAC,sarroyo@nshopp.org,Sandra Arroyo,FY24 SC 156,17,Salamanca,40.83419749,-73.89015715
Salamanca,YES,scolon@nshopp.org,FY24 SC 139,SHOPP Leon OAC,735 East 152nd Street,Bronx,10455,8,17,Bronx CD1,Sandra Colon,718-708-6897,scolon@nshopp.org,C8402,Main Site,OAC,scolon@nshopp.org,Sandra Colon,,17,Salamanca,40.81599355,-73.90784265
Sanchez,NO,,FY24 SC 132,Bronxworks Heights SC,200 West Tremont Avenue,Bronx,10453,14,14,Bronx CD5,Maria Rivera,718-299-0300,mrivera@bronxworks.org,C1104,Main Site,OAC,,,,14,Sanchez,40.85198355,-73.91680422
Sanchez,YES,rluongo@bronxworks.org,FY24 SC 133,Bronxworks Morris (ISC),80 East 181st Street,Bronx,10453,14,14,Bronx CD5,Rosalina Luongo,718-933-5300,rluongo@bronxworks.org,C1106,Main Site,OAC,rluongo@bronxworks.org,Rosalina Luongo,,14,Sanchez,40.85507528,-73.90419895
Sanchez,NO,,FY24 SC 134,MMCC-CDC Older Adult Center Fort Independence,3350 Bailey Avenue,Bronx,10463,14,14,Bronx CD8,Maya Doyle,718-796-2950,mdoyle@mmcc.org,C2001,Main Site,OAC,,,,14,Sanchez,40.88009302,-73.90074195
Schulman,YES,isarkisova@qchnyc.org,FY24 SC 224,FOREST HILLS COMMUNITY HOUSE NORC,108-03 62ND DRIVE,Queens ,11375,24,29,406,Toolarie Iqbal,718-760-5231,tiqbal@qchnyc.org,N59,DFTA-Funded,NORC,isarkisova@qchnyc.org,Irina Sarkisova,,29,Schulman,40.73571609,-73.85083289
Schulman,YES,Shsmith@qchnyc.org,FY24 SC 225,QCH Forest Hills OAC,75-20 108th Street ,Queens,11375,,29,Queens CD6,Toolarie Iqbal,718-699-1010,tiqbal@qchnyc.org; ShSmith@qchnyc.org,C5601,Main Site,OAC,Shsmith@qchnyc.org,Sheryl Smith,,29,Schulman,,
Schulman,YES,kjaramillo@qchnyc.org,FY24 SC 226,QCH Kew Gardens Community Center OAC,80-02 Kew Gardens Road,Queens,11415,29,29,Queens CD9,Karen Jaramillo ,718-268-0895,kjaramillo@qchnyc.org,C5602,Main Site,OAC,kjaramillo@qchnyc.org,Karen Jaramillo ,,29,Schulman,40.71368595,-73.83050513
Schulman,YES,etsibulevskiy@qchnyc.org,FY24 SC 199,QCH Rego Park OAC,97-30 Queens Blvd,Queens,11374,30,29,Queens CD6,Elana Tsibulevskiy   ,718-896-8511,etsibulevskiy@qchnyc.org ,C5605,Main Site,OAC,etsibulevskiy@qchnyc.org,Elana Tsibulevskiy,,29,Schulman,40.72899109,-73.85928351
Schulman,YES,bmcfarlane@selfhelp.net,FY24 SC 228,Selfhelp Austin St,106-06 Queens Boulevard ,Queens,11375,29,29,Queens CD6,Barry McFarlane,718-520-8197,bmcfarlane@selfhelp.net,W2101,Main Site,OAC,bmcfarlane@selfhelp.net,Barrington McFarlane,,29,Schulman,40.72211945,-73.84733504
Schulman,YES,fhseniorleague@gmail.com,FY24 SC 200,Young Israel Programs Forest Hills,68-07 Burns Street,Queens,11375,29,29,Queens CD6,Hindy Chanales,718 520-2305,fhseniorleague@gmail.com,C9401,Main Site,OAC,fhseniorleague@gmail.com,Hindy Chanales,,29,Schulman,40.72135656,-73.8516551
Stevens,NO,,FY24 SC 140,Arturo Schomburg,1315 Franklin Avenue,Bronx,10456,16,16,Bronx CD3,Meghan Agblevor,718-842-6880,JCorrea@iprhe.org,W1606,Main Site,OAC,,,,16,Stevens,40.83206149,-73.90164112
Stevens,NO,,FY24 SC 068,Bronxworks Carolyn McLaughlin Community Center -Concourse OAC,1130 Grand Concourse,Bronx,10456,16,16,Bronx CD4,Maria Rivera,718-508-3040,mrivera@bronxworks.org,C1101,Main Site,OAC,,,,16,Stevens,40.83233066,-73.91958961
Stevens,YES,rluongo@bronxworks.org,FY24 SC 142,Bronxworks NORC,30 Richman Plaza,Bronx,10453,16,16,205,Royalle Hodge,718-933-5300,Rhodge@Bronxworks.org,10R01,Discretionary,NORC,rluongo@bronxworks.org,Rosalina luongo,,16,Stevens,40.85200125,-73.9225118
Stevens,NO,,FY24 SC 143,Hope of Israel Senior Citizens Center,1068 Gerard Avenue,Bronx,10452,16,16,Bronx CD4,Jacqueline Henderson,718-665-8400,hoi@mindspring.com,C4301,Main Site,OAC,,,,16,Stevens,40.83212935,-73.92221334
Stevens,YES,rbland@midbronx.org,FY24 SC 144,MBSCC Concourse Plaza Wellness Center for Older Adults,900 Grand Concourse,Bronx,10451,16,16,Bronx CD4,Rosemary Bland,718-588-8200,rbland@midbronx.org,C5001,Main Site,OAC,rbland@midbronx.org,Rosemary Bland,,16,Stevens,40.82740025,-73.92228029
Stevens,YES,cchasi@pssusa.org,FY24 SC 145,PSS Highbridge,1181 Nelson Avenue ,Bronx,10452,16,16,Bronx CD4,Carlos Chasi,718-588-3004,cchasi@pssusa.org,W1908,Main Site,OAC,cchasi@pssusa.org,Carlos Chasi,,16,Stevens,40.83723133,-73.92570562
Stevens,YES,EHERNANDEZ@PSSUSA.ORG,FY24 SC 146,PSS Highbridge Gardens,1145 University Avenue ,Bronx,10452,16,16,Bronx CD4,Elizabeth Hernandez,347-918-9185,ehernandez@pssusa.org,W1909,Main Site,OAC,EHERNANDEZ@PSSUSA.ORG,ELIZABETH HERNANDEZ,,16,Stevens,40.83707651,-73.92828249
Stevens,YES,vcordero@pssusa.org,FY24 SC 147,PSS Morrisania Air Rights,3135 Park Ave East ,Bronx,10451,16,16,Bronx CD4,Veronica Cordero,718-992-2528,vcordero@pssusa.org,W1904,Main Site,OAC,vcordero@pssusa.org,Veronica Cordero ,,16,Stevens,40.82414969,-73.91716421
Stevens,YES,mrwhodson@gmail.com,FY24 SC 148,William Hodson Community Center Inc,1320 Webster Avenue,Bronx,10456,16,16,Bronx CD3,Kaitlin Ortiz,718-538-1515,whodson@verizon.net,C9201,Main Site,OAC,mrwhodson@gmail.com,Mercedes Russell,,16,Stevens,40.83418883,-73.9085402
Stevens,YES,rluongo@bronxworks.org,FY24 SC 149,Woodstock NORC  ,890 Trinity Avenue,Bronx,10456,17,16,203,Lissette Collado,(646) 740-1285,Lcollado@bronxworks.org,10R02,Discretionary,NORC,rluongo@bronxworks.org,Rosalina Luongo,,16,Stevens,40.82206362,-73.90629147
Ung,YES,pcheng2@cpc-nyc.org,FY24 SC 005,CPC Nan Shan Neighborhood Senior Center,133-14 41st Avenue,Queens,11355,20,20,Queens CD7,Peter Cheng,718-358-3030,PCheng2@cpc-nyc.org,C2102,Main Site,OAC,pcheng2@cpc-nyc.org,Peter Cheng,,20,Ung,40.75697872,-73.83217809
Ung,NO,,FY24 SC 172,RAICES Bland Social Club,40-15 College Point Boulevard,Queens,11354,20,20,Queens CD7,Ariadna Munoz,917 933 8884,amunoz@raices.us,C7204,Main Site,OAC,,,,20,Ung,40.75780225,-73.83413963
Ung,YES,whu@selfhelp.net,FY24 SC 173,Selfhelp Benjamin Rosenthal,45-25 Kissena Boulevard,Queens,11355,20,20,Queens CD7,Winnie Hu,718-886-5777,whu@selfhelp.net,W2102,Main Site,OAC,whu@selfhelp.net,Winnie Hu,,20,Ung,40.75176504,-73.82033119
Ung,YES,hyang@selfhelp.net,FY24 SC 174,Selfhelp Latimer,34-30 137th Street,Queens,11354,20,20,Queens CD7,"Helen Yang, MSW",718-961-3660,hyang@selfhelp.net; intake@selfhelp.net,W2104,Main Site,OAC,hyang@selfhelp.net,Helen Yang,,20,Ung,40.76604408,-73.82993507
Ung,YES,cdaly@ywcaqueens.org,FY24 SC 175,Young Women's Christian Association of Queens NORC,42-07 Parsons Blvd,Queens ,11355,20,20,407,Carol Daly,718-353-4553,cdaly@ywcaqueens.org,4AD,Discretionary,NORC,cdaly@ywcaqueens.org,Carol Daly,,20,Ung,40.75785643,-73.81907667
Velazquez,NO,,FY24 SC 124,Bronx House Weinberg Neighborhood Senior Center,990 Pelham Parkway South,Bronx,10461,13,13,Bronx CD11,Janice Cooper,718-792-1800,janice@bronxhouse.org,C1001,Main Site,OAC,,,,13,Velazquez,40.85680362,-73.86035425
Velazquez,NO,,FY24 SC 126,JASA Sue Ginsburg ,975 Waring Avenue,Bronx,10469,13,13,Bronx CD11,Victor Morell,718 881-1758,vmorell@jasa.org,C8303,Affiliated,OAC,,,,13,Velazquez,40.86121361,-73.85973763
Velazquez,YES,bmookram@jasa.org,FY24 SC 347,JASA Throggs Neck Older Adult Center,2705 Schley Avenue,Bronx,10465,13,13,Bronx CD10   ,Bethanie Mookram, ,bmookram@jasa.org,C8309,Main Site,OAC,bmookram@jasa.org,Bethanie Mookram,,13,Velazquez,40.82166186,-73.82706146
Velazquez,YES,2968seniiors@gmail.com,FY24 SC 127,Northeast Bronx ,2968 Bruckner Boulevard,Bronx,10465,13,13,Bronx CD10   ,Silvia Ponce,718-892-6090,2968seniors@gmail.com,C5201,Main Site,OAC,2968seniiors@gmail.com,Silvia Ponce,,13,Velazquez,40.83388839,-73.82626358
Velazquez,YES,annette@bronxhouse.org,FY24 SC 128,PELHAM PARKWAY HOUSES NORC,2435 WILLIAMSBRIDGE RD,Bronx,10469,13,13,211,Annette DuBose,718-652-6363,annette@bronxhouse.org,N50,DFTA-Funded- NYCHA,NORC,annette@bronxhouse.org,Annette DuBose,FY24 SC 128,13,Velazquez,40.86208393,-73.8576968
Velazquez,NO,,FY24 SC 129,PSS City Island,116 City Island Avenue,Bronx,10464,13,13,Bronx CD10,Susan Rosendahl-Masella,718 885-0727,pattis@pssusa.org,W1910,Main Site,OAC,,,,13,Velazquez,40.84109632,-73.78418735
Velazquez,YES,iris.bonhomme@raininc.org,FY24 SC 130,RAIN Boston Road OAC,2424 Boston Road,Bronx,10467,13,13,Bronx CD11,Iris Bonhomme,718-547-8827 Ext 331,iris.bonhomme@raininc.org,C5802,Main Site,OAC,iris.bonhomme@raininc.org,Iris Bonhomme,,13,Velazquez,40.86173229,-73.86661632
Velazquez,YES,rosalind.torres@raininc.org,FY24 SC 123,RAIN Middletown OAC,3035 Middletown Road,Bronx,10461,13,13,Bronx CD10   ,Rosalind Torres,718-822-0486,rosalind.torres@raininc.org,C5807,Main Site,OAC,rosalind.torres@raininc.org,Rosalind Torres,,13,Velazquez,40.84435504,-73.828806
Vernikov,YES,ABella@Jasa.Org,FY24 SC 358,JASA Senior Alliance Older Adult Center,161 Corbin Place,Brooklyn,11235,48,48,Brooklyn CD15 ,Anna Bella,718-646-4100,ABella@Jasa.Org,C8307,Main Site,OAC,ABella@Jasa.Org,Anna Bella,,48,Vernikov,40.57802536,-73.95412691
Vernikov,YES,egottlieb@jasa.org,FY24 SC 359,JASA TRUMPS UNITED NORC,458 NEPTUNE AVENUE,Brooklyn,11224,48,48,313,Evelyn Gottlieb,718-372-8815,egottlieb@jasa.org,N68-05,DFTA-Funded,NORC,egottlieb@jasa.org,Evelyn Gottlieb,,48,Vernikov,40.579782,-73.97086552
Vernikov,YES,r.lutsker@yahoo.com,FY24 SC 354,JCCGCI Jay-Harama Older Adult Center,2600 Ocean Avenue,Brooklyn,11229,48,48,Brooklyn CD15 ,Rachael Lutsker,718-891-1110,r.lutsker@jccgci.org,C4703,Main Site,OAC,r.lutsker@yahoo.com,Rachel Lutsker,,48,Vernikov,40.59815726,-73.9511855
Vernikov,YES,foxs@shorefronty.org,FY24 SC 361,SHOREFRONT YM-YW OF BRIGHTON (Bright on the Ocean NNORC),3300 CONEY ISLAND AVE,Brooklyn,11235,48,48,313,Anneta Rozenberg,347-689-1817,rozenberga@shorefronty.org ,2N8,Discretionary,NORC,foxs@shorefronty.org,Susan Fox,FY24 SC 361,48,Vernikov,40.57556527,-73.9594598
Vernikov,YES,yissofmidwood@gmail.com,FY24 SC 229,Young Israel Programs Midwood,1694 Ocean Avenue,Brooklyn,11230,44,48,Brooklyn CD14   ,Galina Terushkin,718 253-7800,yissofmidwood@gmail.com,C9402,Main Site,OAC,yissofmidwood@gmail.com,Galina Terushkin,,48,Vernikov,40.62044671,-73.95540534
Williams,YES,Aking@allencnp.org,FY24 SC 213,Allen AME Community Senior Citizens Center,166-01 Linden Boulevard,Queens,11434,28,27,Queens CD12,Angela King, 718-658-0980,aking@allencnp.org,C0204,Main Site,OAC,Aking@allencnp.org,Angella King,,27,Williams,40.69005357,-73.78314732
Williams,YES,cellington@allencnp.org,FY24 SC 214,Allen AME Theodora Jackson Center,92-47 165th Street,Queens,11433,27,27,Queens CD12,Cynthia Ellington,929-357-9552,cellington@allencnp.org,C0201,Main Site,OAC,cellington@allencnp.org,Cynthia Ellington,,27,Williams,40.70439311,-73.79405783
Williams,YES,dhorton@allencnp.org,FY24 SC 113,Allen International Towers Affiliate,90-20 170th Street,Queens,11432,27,27,Queens CD12,Dion Horton,718-657-5075,dhorton@allencnp.org,C0202,Affiliated,OAC,dhorton@allencnp.org,Dion Horton,,27,Williams,40.70857809,-73.79057864
Williams,YES,director.seniorcenter@zzlalphas.org,FY24 SC 215,Alpha Phi Alpha Senior Citizens Center Inc,220-01 Linden Boulevard,Queens,11411,27,27,Queens CD13,Melissa Marcus,718-528-8238 x102,director.seniorcenter@zzlalphas.org,C0301,Main Site,OAC,director.seniorcenter@zzlalphas.org,Melissa Y. Marcus,,27,Williams,40.69510516,-73.74000434
Williams,YES,Verna.AdemuJohn@ccbq.org,FY24 SC 262,CCNS Best Life OAC,118-35 Farmers Boulevard,Queens,11412,27,27,Queens CD12,Samira Alieva,718-722-6095,samira.alieva@ccbq.org,C1712,Main Site,OAC,Verna.AdemuJohn@ccbq.org,Verna DuBerry AdemuJohn,,27,Williams,40.68939164,-73.76208747
Williams,YES,clelia.ramos@ccbq.org,FY24 SC 283,CCNS Hillcrest OAC,91-34 182nd Place,Queens,11423,23,27,Queens CD12,Clelia Ramos,718 279-7171,Clelia.ramos@ccbq.org,C1707,Main Site,OAC,clelia.ramos@ccbq.org,Debbie Hofer,,27,Williams,40.70963405,-73.77843061
Won,YES,shamde@hanac.org,FY24 SC 186,HANAC Ravenswood Older Adult Center,34-35A 12th Street,Queens,11106,,26,Queens CD1,Shahenaz Hamde,718-786-1550,shamde@hanac.org,C3903,Main Site,OAC,shamde@hanac.org,Shahenaz Hamde ,,26,Won,,
Won,YES,gwilson@riissettlement.org,FY24 SC 207,Queensbridge Center,10-25 41st Avenue,Queens,11101,26,26,Queens CD1,Gwendolyn Wilson,718-784-7447X132,gwilson@riissettlement.org,C4601,Main Site,OAC,gwilson@riissettlement.org,Gwendolyn Wilson,,26,Won,40.75548781,-73.94532756
Won,YES,ewalden@riissettlement.org,FY24 SC 208,QUEENSBRIDGE NNORC,10-25 41st AVENUE,Queens ,11101,26,26,401,Edna Walden,718-784-7447 Ext. 154,ewalden@riissettlement.org,4N4,Discretionary-NYCHA,NORC,ewalden@riissettlement.org,Edna Walden,FY24 SC 208,26,Won,40.75548781,-73.94532756
Won,NO,,FY24 SC 209,Riseboro Hunters Point,52-3 Center Boulevard,Queens,11101,26,26,Queens CD2,Sandra Christian,718-821-0254,msuttles@riseboro.org,W2011,Main Site,OAC,,,,26,Won,40.74216535,-73.96003326
Won,YES,tziongas@selfhelp.net,FY24 SC 210,SELFHELP BIG SIX NORC,61-10 QUEENS BLVD.,Queens ,11377,26,26,402,Theodora Ziongas ,718-565-6569,tziongas@selfhelp.net,N62-02,DFTA-Funded,NORC,tziongas@selfhelp.net,"Theodora Ziongas, M.A.",,26,Won,40.74134663,-73.90322574
Won,YES,kserrano@scsny.org,FY24 SC 211,Sunnyside Community Services OAC,43-39 39th Street,Queens,11104,26,26,Queens CD2,Kerly Serrano,"929-335-7915 |
718-784-6173, ext. 415",Kserrano@scsny.org,C7901,Main Site,OAC,kserrano@scsny.org,Kerly Serrano,,26,Won,40.74509907,-73.92592746
Won,YES,tonya.chestnut@samaritanvillage.org ,FY24 SC 212,Woodside Older Adult Center,50-37 Newton Road,Queens,11377,,26,Queens CD1,Tonya  Chestnut,718-932-6916 ext 1722,tonya.chestnut@samaritanvillage.org,C6401,Main Site,OAC,tonya.chestnut@samaritanvillage.org ,Tonya Chestnut,,26,Won,40.7362872,-73.94309888
Yeger,NO,,FY24 SC 293,Agudath Israel of America Boro Park Senior Citizens Center,5602 11th Avenue,Brooklyn,11219,44,44,Brooklyn CD12 ,Miri Singer,718-854-7430,director@bpscc.org,C0103,Main Site,OAC,,,,44,Yeger,40.63367976,-74.00070256
Yeger,YES,drjoanpastore@gmail.com,FY24 SC 323,AMICO 59th St Senior Citizen Ctr,5901 13th Avenue,Brooklyn,11219,44,44,Brooklyn CD12 ,Joan Pastore,718-972-1558,pastarj@aol.com,C0401,Main Site,OAC,drjoanpastore@gmail.com,Joan Pastore,,44,Yeger,40.629332,-73.99802215
Yeger,YES,Changyu1314@gmail.com,FY24 SC 324,BCA Dyker Heights Older Adult Center,7201 8th Avenue,Brooklyn,11228,38,44,Brooklyn CD10,Chang Yu,718 622-3333,changyu1314@gmail.com,C1202,Main Site,OAC,Changyu1314@gmail.com,Chang Yu,,44,Yeger,40.6285897,-74.01671963
Yeger,NO,,FY24 SC 325,Bensonhurst Senior Center,7802 Bay Parkway,Brooklyn,11214,43,44,Brooklyn CD11,Rachel Libus,718 331-6800,rachel@jchb.org,C3201,Main Site,OAC,,,,44,Yeger,40.60636857,-73.98923543
Yeger,YES,jliffbpy@aol.com,FY24 SC 326,Boro Park Y OAC,4912 14th Avenue,Brooklyn,11219,44,44,Brooklyn CD12 ,Judy Liff,718-435-3804,jliffbpy@aol.com,C9601,Main Site,OAC,jliffbpy@aol.com,Judy Liff,FY24 SC 326,44,Yeger,40.63356954,-73.9900597
Yeger,YES,r.d.riola@verizon.net,FY24 SC 327,Council Ctr for Senior Citizens,1001 Quentin road,Brooklyn,11223,44,44,Brooklyn CD15 ,Rosemarie Riola,718-627-7680,r.d.riola@verizon.net,C1301,Main Site,OAC,r.d.riola@verizon.net,ROSEMARIE RIOLA,,44,Yeger,40.60775468,-73.96282204
Yeger,NO,,FY24 SC 328,Council of Peoples Organization: Satellite,1814 Coney Island Avenue,Brooklyn,11230,44,44, ,Hasa Raza            ,718-434-3266 x 1013,hraza@copo.org,C2702,Affiliated,OAC,,,,44,Yeger,40.61336785,-73.96302421
Yeger,NO,,FY24 SC 329,GOOD NEIGHBORS NNORC,7802 BAY PARKWAY,Brooklyn,11214,43,44,311,Inna Lukyanenko or Michael Rockman,718-943-6380 or 718-331-6800 ext. 174,innaluk@jchb.org; mrockman@jchb.org,2AS,Discretionary,NORC,,,,44,Yeger,40.60636857,-73.98923543
Yeger,NO,,FY24 SC 355,JCCGCI Marien-Heim Older Adult Center,870 Ocean Parkway,Brooklyn,11230,40,44,Brooklyn CD12 ,Larisa Pardilova,718-438-7771,lpardilova@gmail.com,C4705,Main Site,OAC,,,,44,Yeger,40.62721763,-73.97105736
Yeger,NO,,FY24 SC 331,SBH Older Adult Center - Senior Pavilion,1963 McDonald Avenue,Brooklyn,11223,44,44,Brooklyn CD11,Katerine Beliliovskoya ,718-787-1100,katerina@sbhonline.org,C6601,Main Site,OAC,,,,44,Yeger,40.60483139,-73.9722627
Yeger,NO,,FY24 SC 332,SEPHARDIC BIKUR HOLIM COMMUNITY SERVICE NETWORK NNORC,425 KINGS HIGHWAY,Brooklyn,11223,44,44,311,Victoria Sutton,718-787-1100,vsutton@sbhonline.org,2N7,Discretionary,NORC,,,,44,Yeger,40.60443113,-73.9743084
Yeger,NO,,FY24 SC 333,Sephardic MSSCC House of Jacob Senior Center,6222 23rd Avenue,Brooklyn,11204,43,44,Brooklyn CD11,Ana Pirs,718-259-0100,houseofjacobsc@gmail.com,C6802,Main Site,OAC,,,,44,Yeger,40.61404958,-73.97759675
Yeger,YES,SEPHARDICSC@AOL.COM,FY24 SC 334,Sephardic Multi Services Senior Citizens Center Inc,485 Kings Highway,Brooklyn,11223,44,44,Brooklyn CD15 ,Maria Nigido,718-336-1300,sephardicsc@aol.com,C6801,Main Site,OAC,SEPHARDICSC@AOL.COM,MARIA NIGIDO,,44,Yeger,40.60425758,-73.97165432